DbPrevious,DbNext,DbVersion,Id,DbName,DbKey,FieldId,FieldLocstart,FieldLocend,FieldDist,FieldTimeempty,FieldTimeloaded,FieldClosed,FieldFactor,FieldStreet,FieldResist
-1,34561208,3,3290296,pitdat.ddb,3290296,0010FC00,1113088,1415688,169,28,25,0,100,,0
34561208,3290764,9,3290608,pitdat.ddb,3290608,00110FEC,1118188,1327288,300,51,53,0,100,,0
3290608,3290920,3,3290764,pitdat.ddb,3290764,00111D34,1121588,1320488,143,20,25,0,100,,0
3290764,3291232,8,3290920,pitdat.ddb,3290920,001123D8,1123288,1322188,140,36,32,0,100,,0
3290920,3291544,12,3291232,pitdat.ddb,3291232,001137C4,1128388,1279688,170,38,22,0,100,,0
3291232,34560888,6,3291544,pitdat.ddb,3291544,00115F9C,1138588,1376588,123,21,26,1,100,,0
34560888,3291856,2,3291700,pitdat.ddb,3291700,00116CE4,1141988,1420788,115,15,19,0,100,,0
3291700,3292012,154,3291856,pitdat.ddb,3291856,117388,1143688,1427588,274,35,37,0,100,,0
3291856,3292168,9,3292012,pitdat.ddb,3292012,00117A2C,1145388,1437788,520,74,85,0,100,,0
3292012,46030216,2,3292168,pitdat.ddb,3292168,001180D0,1147088,1429288,266,37,40,0,100,,0
46030216,3292636,950,3292480,pitdat.ddb,3292480,1.18e+20,1150488,1266088,112,22,16,0,100,,0
3292480,3292792,5898,3292636,pitdat.ddb,3292636,001194BC,1152188,1266088,321,49,53,0,100,,0
3292636,3292948,1,3292792,pitdat.ddb,3292792,00119B60,1153888,1449688,112,13,16,0,100,,0
3292792,3293104,1,3292948,pitdat.ddb,3292948,0011A204,1155588,1456488,109,18,20,0,100,,0
3292948,3293260,3,3293104,pitdat.ddb,3293104,0011A8A8,1157288,1279688,202,30,42,0,100,,0
3293104,19197572,4,3293260,pitdat.ddb,3293260,0011AF4C,1158988,1483688,86,11,12,0,100,,0
19197572,3295444,16,3295288,pitdat.ddb,3295288,00122D78,1191288,1437788,347,49,53,0,100,,0
3295288,3295600,2694,3295444,pitdat.ddb,3295444,0012341C,1192988,1264388,200,58,68,0,100,,0
3295444,3295756,583,3295600,pitdat.ddb,3295600,00123AC0,1194688,1398688,235,88,55,0,100,,0
3295600,3295912,2,3295756,pitdat.ddb,3295756,124164,1196388,1305188,462,118,89,0,100,,0
3295756,47091944,6,3295912,pitdat.ddb,3295912,124808,1198088,1323888,171,25,18,0,100,,0
38656292,3299656,12,3299500,pitdat.ddb,3299500,0013232C,1254188,1318788,201,36,25,0,100,,0
3299500,3299812,1,3299656,pitdat.ddb,3299656,133074,1257588,1368088,43,8,7,1,100,,0
3299656,3299968,676,3299812,pitdat.ddb,3299812,133074,1257588,1361288,36,8,6,0,100,,0
3299812,3300124,18684,3299968,pitdat.ddb,3299968,00133DBC,1260988,1391888,325,45,40,0,100,,0
3299968,3300280,18988,3300124,pitdat.ddb,3300124,00133DBC,1260988,1262688,465,83,88,0,100,,0
3300124,3300592,18703,3300280,pitdat.ddb,3300280,134460,1262688,1260988,465,51,61,0,100,,0
3300280,3300748,18973,3300592,pitdat.ddb,3300592,134460,1262688,1402088,349,77,92,0,100,,0
3300592,3301060,11731,3300748,pitdat.ddb,3300748,00134B04,1264388,1402088,264,46,44,0,100,,0
3300748,27867380,2677,3301060,pitdat.ddb,3301060,00134B04,1264388,1192988,200,47,30,0,100,,0
46029576,3301372,6126,3301216,pitdat.ddb,3301216,001351A8,1266088,1442888,132,14,19,0,100,,0
3301216,3301528,950,3301372,pitdat.ddb,3301372,001351A8,1266088,1150488,112,15,19,0,100,,0
3301372,3301684,5971,3301528,pitdat.ddb,3301528,001351A8,1266088,1152188,321,61,55,0,100,,0
3301528,3301840,3,3301684,pitdat.ddb,3301684,001351A8,1266088,1495588,137,21,17,0,100,,0
3301684,3301996,57,3301840,pitdat.ddb,3301840,001351A8,1266088,1509188,143,30,28,0,100,,0
3301840,3302152,364,3301996,pitdat.ddb,3301996,0013584C,1267788,1274588,382,88,87,0,100,,0
3301996,3302308,36,3302152,pitdat.ddb,3302152,0013584C,1267788,1276288,209,38,30,0,100,,0
3302152,3302464,295,3302308,pitdat.ddb,3302308,0013584C,1267788,1527888,725,296,221,0,100,,0
3302308,3302620,4051,3302464,pitdat.ddb,3302464,00135EF0,1269488,1379988,101,22,18,0,100,,0
3302464,3302776,331,3302620,pitdat.ddb,3302620,00135EF0,1269488,1271188,168,26,26,0,100,,0
3302620,3302932,1,3302776,pitdat.ddb,3302776,00135EF0,1269488,1386788,37,6,9,1,100,,0
3302776,3303088,3404,3302932,pitdat.ddb,3302932,00135EF0,1269488,1361288,68,11,21,0,100,,0
3302932,3303244,378,3303088,pitdat.ddb,3303088,136594,1271188,1269488,168,23,29,0,100,,0
3303088,3303400,331,3303244,pitdat.ddb,3303244,136594,1271188,1272888,206,26,35,0,100,,0
3303244,3303556,377,3303400,pitdat.ddb,3303400,00136C38,1272888,1271188,206,33,59,0,100,,0
3303400,3303712,331,3303556,pitdat.ddb,3303556,00136C38,1272888,1274588,382,44,55,0,100,,0
3303556,3303868,312,3303712,pitdat.ddb,3303712,001372DC,1274588,1267788,382,108,50,0,100,,0
3303712,3304024,379,3303868,pitdat.ddb,3303868,001372DC,1274588,1272888,382,58,103,0,100,,0
3303868,3304180,82,3304024,pitdat.ddb,3304024,137980,1276288,1267788,209,28,33,0,100,,0
3304024,3304336,36,3304180,pitdat.ddb,3304180,137980,1276288,1277988,182,30,25,0,100,,0
3304180,3304492,15,3304336,pitdat.ddb,3304336,138024,1277988,1279688,183,19,16,0,100,,0
3304336,3304648,83,3304492,pitdat.ddb,3304492,138024,1277988,1276288,182,24,36,0,100,,0
3304492,3304804,55,3304648,pitdat.ddb,3304648,001386C8,1279688,1277988,183,21,49,0,100,,0
3304648,3304960,14,3304804,pitdat.ddb,3304804,001386C8,1279688,1281388,82,11,16,0,100,,0
3304804,3305116,3,3304960,pitdat.ddb,3304960,001386C8,1279688,1157288,202,28,31,0,100,,0
3304960,3305272,1,3305116,pitdat.ddb,3305116,001386C8,1279688,1376588,473,73,136,1,100,,0
3305116,3305428,1,3305272,pitdat.ddb,3305272,001386C8,1279688,1128388,170,30,31,0,100,,0
3305272,3305584,2,3305428,pitdat.ddb,3305428,001386C8,1279688,1522788,77,13,14,0,100,,0
3305428,3305896,51,3305584,pitdat.ddb,3305584,00138D6C,1281388,1279688,82,7,13,0,100,,0
3305584,3306052,9254,3305896,pitdat.ddb,3305896,139410,1283088,1410588,388,65,62,0,100,,0
3305896,3306208,8242,3306052,pitdat.ddb,3306052,139410,1283088,1284788,445,70,102,0,100,,0
3306052,3306364,2,3306208,pitdat.ddb,3306208,139410,1283088,1498988,75,11,16,0,100,,0
3306208,3306832,15,3306364,pitdat.ddb,3306364,139410,1283088,1502388,89,12,14,0,100,,0
3306364,3306988,8250,3306832,pitdat.ddb,3306832,00139AB4,1284788,1286488,187,29,38,0,100,,0
3306832,30257040,8466,3306988,pitdat.ddb,3306988,00139AB4,1284788,1283088,445,62,60,0,100,,0
30257040,3307300,8246,3307144,pitdat.ddb,3307144,0013A158,1286488,1288188,266,41,58,0,100,,0
3307144,3307456,8478,3307300,pitdat.ddb,3307300,0013A158,1286488,1284788,187,29,26,0,100,,0
3307300,3307612,8478,3307456,pitdat.ddb,3307456,0013A7FC,1288188,1286488,266,40,36,0,100,,0
3307456,3307768,8245,3307612,pitdat.ddb,3307612,0013A7FC,1288188,1289888,139,21,31,0,100,,0
3307612,3307924,1,3307768,pitdat.ddb,3307768,0013AEA0,1289888,1298388,343,66,73,1,100,,0
3307768,3308080,8470,3307924,pitdat.ddb,3307924,0013AEA0,1289888,1288188,139,20,19,0,100,,0
3307924,3308392,8244,3308080,pitdat.ddb,3308080,0013AEA0,1289888,1291588,311,51,59,0,100,,0
3308080,32338060,8508,3308392,pitdat.ddb,3308392,0013B544,1291588,1289888,311,52,52,0,100,,0
19197412,3309016,5484,3308860,pitdat.ddb,3308860,0013C28C,1294988,1296688,360,56,91,0,100,,0
3308860,3309172,2836,3309016,pitdat.ddb,3309016,0013C28C,1294988,1291588,389,54,70,0,100,,0
3309016,34979868,5,3309172,pitdat.ddb,3309172,0013C28C,1294988,1298388,311,49,56,0,100,,0
6503156,3358312,939,3309640,pitdat.ddb,3309640,0016F9FC,1505788,1410588,259,38,44,0,100,,0
26535092,3310576,5977,3310420,pitdat.ddb,3310420,0013C930,1296688,1294988,360,59,59,0,100,,0
3310420,3310732,15,3310576,pitdat.ddb,3310576,0013CFD4,1298388,1294988,311,70,116,0,100,,0
3310576,3312448,5,3310732,pitdat.ddb,3310732,0013CFD4,1298388,1289888,343,44,46,1,100,,0
3310732,3312604,123,3312448,pitdat.ddb,3312448,0013DD1C,1301788,1303488,265,52,75,0,100,,0
3312448,3312760,110,3312604,pitdat.ddb,3312604,0013DD1C,1301788,1306888,172,24,34,0,100,,0
3312604,3312916,110,3312760,pitdat.ddb,3312760,0013E3C0,1303488,1305188,269,61,95,0,100,,0
3312760,3313072,107,3312916,pitdat.ddb,3312916,0013E3C0,1303488,1301788,265,43,51,0,100,,0
3312916,3313228,97,3313072,pitdat.ddb,3313072,0013EA64,1305188,1303488,269,47,72,0,100,,0
3313072,3313384,1,3313228,pitdat.ddb,3313228,0013EA64,1305188,1196388,462,152,117,0,100,,0
3313228,3313540,118,3313384,pitdat.ddb,3313384,0013F108,1306888,1301788,172,39,62,0,100,,0
3313384,35348692,2001,3313540,pitdat.ddb,3313540,0013F108,1306888,1313688,480,62,75,0,100,,0
35348692,26534932,2135,3314008,pitdat.ddb,3314008,0013F7AC,1308588,1311988,193,28,45,0,100,,0
26534932,3314632,2168,3314476,pitdat.ddb,3314476,001404F4,1311988,1308588,193,26,34,0,100,,0
3314476,3314944,2084,3314632,pitdat.ddb,3314632,001404F4,1311988,1313688,290,37,55,0,100,,0
3314632,3315100,1899,3314944,pitdat.ddb,3314944,00140B98,1313688,1306888,480,79,181,0,100,,0
3314944,3315568,2128,3315100,pitdat.ddb,3315100,00140B98,1313688,1311988,290,43,46,0,100,,0
3315100,3315724,7,3315568,pitdat.ddb,3315568,1418,1317088,1403788,717,85,104,1,100,,0
3315568,3315880,4,3315724,pitdat.ddb,3315724,1418,1317088,1318788,1177,204,401,0,100,,0
3315724,3316036,4,3315880,pitdat.ddb,3315880,00141F84,1318788,1317088,1177,137,181,0,100,,0
3315880,3316192,1,3316036,pitdat.ddb,3316036,00141F84,1318788,1320488,901,147,222,0,100,,0
3316036,3316348,1,3316192,pitdat.ddb,3316192,00141F84,1318788,1254188,201,25,36,0,100,,0
3316192,3316504,1,3316348,pitdat.ddb,3316348,142628,1320488,1121588,143,31,21,0,100,,0
3316348,3316660,1,3316504,pitdat.ddb,3316504,142628,1320488,1318788,901,117,108,0,100,,0
3316504,3316816,1,3316660,pitdat.ddb,3316660,142628,1320488,1322188,804,95,196,0,100,,0
3316660,3316972,1,3316816,pitdat.ddb,3316816,00142CCC,1322188,1320488,804,87,113,0,100,,0
3316816,3317128,1,3316972,pitdat.ddb,3316972,00142CCC,1322188,1328988,209,33,58,0,100,,0
3316972,3317284,1,3317128,pitdat.ddb,3317128,00142CCC,1322188,1123288,140,19,56,0,100,,0
3317128,3317440,1,3317284,pitdat.ddb,3317284,143370,1323888,1328988,417,53,53,0,100,,0
3317284,3317596,1,3317440,pitdat.ddb,3317440,143370,1323888,1198088,171,29,40,0,100,,0
3317440,3317752,2,3317596,pitdat.ddb,3317596,143370,1323888,1330688,544,83,154,0,100,,0
3317596,3317908,7,3317752,pitdat.ddb,3317752,00143A14,1325588,1327288,297,46,86,0,100,,0
3317752,3318064,5,3317908,pitdat.ddb,3317908,00143A14,1325588,1330688,482,73,134,0,100,,0
3317908,3318220,7,3318064,pitdat.ddb,3318064,001440B8,1327288,1325588,297,38,44,0,100,,0
3318064,3318376,5,3318220,pitdat.ddb,3318220,001440B8,1327288,1118188,300,51,53,0,100,,0
3318220,3318532,1,3318376,pitdat.ddb,3318376,0014475C,1328988,1322188,209,24,25,0,100,,0
3318376,3318688,1,3318532,pitdat.ddb,3318532,0014475C,1328988,1323888,417,52,88,0,100,,0
3318532,3318844,5,3318688,pitdat.ddb,3318688,144,1330688,1325588,482,64,72,0,100,,0
3318688,3319312,4,3318844,pitdat.ddb,3318844,144,1330688,1323888,544,70,81,0,100,,0
3318844,32814516,14207,3319312,pitdat.ddb,3319312,00145B48,1334088,1344288,193,52,67,0,100,,0
47091784,3322588,14229,3322432,pitdat.ddb,3322432,00147C7C,1342588,1359588,313,100,93,0,100,,0
3322432,3322744,13983,3322588,pitdat.ddb,3322588,00147C7C,1342588,1344288,344,54,54,0,100,,0
3322588,3322900,14217,3322744,pitdat.ddb,3322744,148320,1344288,1342588,344,99,115,0,100,,0
3322744,3323056,13930,3322900,pitdat.ddb,3322900,148320,1344288,1334088,193,25,28,0,100,,0
3322900,3323212,18466,3323056,pitdat.ddb,3323056,001489C4,1345988,1347688,288,44,34,0,100,,0
3323056,3323368,14808,3323212,pitdat.ddb,3323212,001489C4,1345988,1371488,273,46,33,0,100,,0
3323212,3323524,18921,3323368,pitdat.ddb,3323368,001489C4,1345988,1391888,511,102,147,0,100,,0
3323368,3323680,18731,3323524,pitdat.ddb,3323524,149068,1347688,1345988,288,53,66,0,100,,0
3323524,3323836,18471,3323680,pitdat.ddb,3323680,149068,1347688,1359588,291,41,44,0,100,,0
3323680,3323992,4757,3323836,pitdat.ddb,3323836,0014970C,1349388,1359588,591,123,154,0,100,,0
3323836,3324148,4689,3323992,pitdat.ddb,3323992,0014970C,1349388,1352788,424,55,64,0,100,,0
3323992,3324304,4670,3324148,pitdat.ddb,3324148,00149DB0,1351088,1354488,385,60,55,0,100,,0
3324148,3324460,4745,3324304,pitdat.ddb,3324304,00149DB0,1351088,1352788,398,67,108,0,100,,0
3324304,3324616,4744,3324460,pitdat.ddb,3324460,0014A454,1352788,1349388,424,86,114,0,100,,0
3324460,3324772,4676,3324616,pitdat.ddb,3324616,0014A454,1352788,1351088,398,55,67,0,100,,0
3324616,3324928,4740,3324772,pitdat.ddb,3324772,0014AAF8,1354488,1351088,385,84,96,0,100,,0
3324772,3325240,4667,3324928,pitdat.ddb,3324928,0014AAF8,1354488,1356188,485,76,73,0,100,,0
3324928,44304572,4753,3325240,pitdat.ddb,3325240,0014B19C,1356188,1354488,485,77,119,0,100,,0
44688300,3326956,14019,3326800,pitdat.ddb,3326800,0014BEE4,1359588,1342588,313,60,60,0,100,,0
3326800,3327112,18743,3326956,pitdat.ddb,3326956,0014BEE4,1359588,1347688,291,84,101,0,100,,0
3326956,3327268,4711,3327112,pitdat.ddb,3327112,0014BEE4,1359588,1349388,591,78,105,0,100,,0
3327112,3327424,213,3327268,pitdat.ddb,3327268,0014C588,1361288,1269488,68,14,11,0,100,,0
3327268,3327580,1,3327424,pitdat.ddb,3327424,0014C588,1361288,1257588,36,6,10,1,100,,0
3327424,3327736,3869,3327580,pitdat.ddb,3327580,0014C588,1361288,1362988,71,11,21,0,100,,0
3327580,3327892,3868,3327736,pitdat.ddb,3327736,0014CC2C,1362988,1364688,58,10,22,0,100,,0
3327736,3328048,1,3327892,pitdat.ddb,3327892,0014CC2C,1362988,1361288,71,12,14,1,100,,0
3327892,3328204,10296,3328048,pitdat.ddb,3328048,0014D2D0,1364688,1366388,53,7,7,0,100,,0
3328048,3328360,10163,3328204,pitdat.ddb,3328204,0014D2D0,1364688,1407188,40,6,6,0,100,,0
3328204,3328516,1,3328360,pitdat.ddb,3328360,0014D2D0,1364688,1362988,58,10,11,1,100,,0
3328360,3328672,6272,3328516,pitdat.ddb,3328516,0014D974,1366388,1364688,53,7,13,0,100,,0
3328516,3328828,10293,3328672,pitdat.ddb,3328672,0014D974,1366388,1368088,52,9,8,0,100,,0
3328672,3328984,10086,3328828,pitdat.ddb,3328828,1.4e+19,1368088,1369788,39,7,5,0,100,,0
3328828,3329140,6260,3328984,pitdat.ddb,3328984,1.4e+19,1368088,1366388,52,6,7,0,100,,0
3328984,3329296,674,3329140,pitdat.ddb,3329140,1.4e+19,1368088,1257588,43,6,8,0,100,,0
3329140,3329452,6777,3329296,pitdat.ddb,3329296,0014E6BC,1369788,1368088,39,5,6,0,100,,0
3329296,3329608,9944,3329452,pitdat.ddb,3329452,0014E6BC,1369788,1379988,29,6,4,0,100,,0
3329452,3329764,1057,3329608,pitdat.ddb,3329608,0014E6BC,1369788,1470088,92,14,15,0,100,,0
3329608,3329920,14859,3329764,pitdat.ddb,3329764,0014ED60,1371488,1345988,273,50,46,0,100,,0
3329764,3330076,14810,3329920,pitdat.ddb,3329920,0014ED60,1371488,1376588,247,50,34,0,100,,0
3329920,3330232,14849,3330076,pitdat.ddb,3330076,0014F404,1373188,1376588,373,50,47,0,100,,0
3330076,3330388,14792,3330232,pitdat.ddb,3330232,0014F404,1373188,1374888,420,71,118,0,100,,0
3330232,3330544,14855,3330388,pitdat.ddb,3330388,0014FAA8,1374888,1373188,420,52,51,0,100,,0
3330388,3330700,14782,3330544,pitdat.ddb,3330544,0014FAA8,1374888,1388488,424,99,124,0,100,,0
3330544,3330856,14859,3330700,pitdat.ddb,3330700,0015014C,1376588,1371488,247,53,36,0,100,,0
3330700,3331012,14796,3330856,pitdat.ddb,3330856,0015014C,1376588,1373188,373,57,65,0,100,,0
3330856,3331168,1,3331012,pitdat.ddb,3331012,0015014C,1376588,1279688,473,60,70,1,100,,0
3331012,3331324,1,3331168,pitdat.ddb,3331168,0015014C,1376588,1138588,123,21,30,1,100,,0
3331168,3331480,1025,3331324,pitdat.ddb,3331324,001507F0,1378288,1475188,72,14,11,0,100,,0
3331324,3331636,7268,3331480,pitdat.ddb,3331480,001507F0,1378288,1379988,36,5,6,0,100,,0
3331480,3331792,12587,3331636,pitdat.ddb,3331636,001507F0,1378288,1385088,87,20,14,0,100,,0
3331636,3331948,13585,3331792,pitdat.ddb,3331792,1.5e+96,1379988,1378288,36,8,5,0,100,,0
3331792,3332104,7661,3331948,pitdat.ddb,3331948,1.5e+96,1379988,1369788,29,4,5,0,100,,0
3331948,3332260,1,3332104,pitdat.ddb,3332104,1.5e+96,1379988,1269488,101,15,17,0,100,,0
3332104,3332416,1,3332260,pitdat.ddb,3332260,151538,1381688,1476888,43,8,7,0,100,,0
3332260,3332884,6748,3332416,pitdat.ddb,3332416,151538,1381688,1390188,82,16,22,0,100,,0
3332416,3333040,1156,3332884,pitdat.ddb,3332884,00151BDC,1383388,1471788,63,11,14,0,100,,0
3332884,3333196,1,3333040,pitdat.ddb,3333040,00151BDC,1383388,1475188,99,17,16,1,100,,0
3333040,3333352,12582,3333196,pitdat.ddb,3333196,152280,1385088,1390188,50,11,8,0,100,,0
3333196,3333508,7273,3333352,pitdat.ddb,3333352,152280,1385088,1378288,87,11,15,0,100,,0
3333352,3333664,6115,3333508,pitdat.ddb,3333508,152280,1385088,1475188,78,14,12,0,100,,0
3333508,3333820,1,3333664,pitdat.ddb,3333664,152924,1386788,1471788,47,8,7,1,100,,0
3333664,3333976,1,3333820,pitdat.ddb,3333820,152924,1386788,1475188,100,18,18,1,100,,0
3333820,3334132,7196,3333976,pitdat.ddb,3333976,152924,1386788,1269488,37,6,6,0,100,,0
3333976,3334288,6928,3334132,pitdat.ddb,3334132,00152FC8,1388488,1476888,139,27,23,0,100,,0
3334132,3334444,9578,3334288,pitdat.ddb,3334288,00152FC8,1388488,1390188,41,8,7,0,100,,0
3334288,3334600,14854,3334444,pitdat.ddb,3334444,00152FC8,1388488,1374888,424,53,56,0,100,,0
3334444,3334756,1,3334600,pitdat.ddb,3334600,0015366C,1390188,1381688,82,13,13,1,100,,0
3334600,3334912,16593,3334756,pitdat.ddb,3334756,0015366C,1390188,1388488,41,6,5,0,100,,0
3334756,3335068,13384,3334912,pitdat.ddb,3334912,0015366C,1390188,1385088,50,7,8,0,100,,0
3334912,3335224,1,3335068,pitdat.ddb,3335068,0015366C,1390188,1470088,128,30,30,1,100,,0
3335068,3335380,18964,3335224,pitdat.ddb,3335224,00153D10,1391888,1260988,325,74,88,0,100,,0
3335224,3335692,18624,3335380,pitdat.ddb,3335380,00153D10,1391888,1345988,511,78,62,0,100,,0
3335380,3335848,12926,3335692,pitdat.ddb,3335692,001543B4,1393588,1402088,53,10,10,0,100,,0
3335692,3336004,4977,3335848,pitdat.ddb,3335848,001543B4,1393588,1395288,437,61,111,0,100,,0
3335848,3336160,6263,3336004,pitdat.ddb,3336004,001543B4,1393588,1442888,394,88,101,0,100,,0
3336004,3336316,4986,3336160,pitdat.ddb,3336160,00154A58,1395288,1393588,437,49,60,0,100,,0
3336160,3336472,4970,3336316,pitdat.ddb,3336316,00154A58,1395288,1396988,97,14,24,0,100,,0
3336316,3336628,4980,3336472,pitdat.ddb,3336472,001550FC,1396988,1395288,97,11,12,0,100,,0
3336472,3336784,4973,3336628,pitdat.ddb,3336628,001550FC,1396988,1398688,275,43,74,0,100,,0
3336628,3336940,1,3336784,pitdat.ddb,3336784,001550FC,1396988,1524488,297,47,49,0,100,,0
3336784,3337096,1,3336940,pitdat.ddb,3336940,001550FC,1396988,1487088,382,71,72,0,100,,0
3336940,3337252,570,3337096,pitdat.ddb,3337096,001557A0,1398688,1194688,235,38,35,0,100,,0
3337096,3337408,42,3337252,pitdat.ddb,3337252,001557A0,1398688,1403788,246,41,78,0,100,,0
3337252,3337564,2309,3337408,pitdat.ddb,3337408,001557A0,1398688,1481988,224,27,33,0,100,,0
3337408,3337720,4983,3337564,pitdat.ddb,3337564,001557A0,1398688,1396988,275,41,37,0,100,,0
3337564,3337876,2394,3337720,pitdat.ddb,3337720,001557A0,1398688,1400388,345,43,66,0,100,,0
3337720,3338032,2466,3337876,pitdat.ddb,3337876,1.55e+46,1400388,1398688,345,48,70,0,100,,0
3337876,3338188,458,3338032,pitdat.ddb,3338032,1.55e+46,1400388,1492188,140,30,24,0,100,,0
3338032,3338344,2056,3338188,pitdat.ddb,3338188,1.55e+46,1400388,1490488,339,61,79,0,100,,0
3338188,3338500,13036,3338344,pitdat.ddb,3338344,156400000000,1402088,1393588,53,11,8,0,100,,0
3338344,3338656,18706,3338500,pitdat.ddb,3338500,156400000000,1402088,1262688,349,50,55,0,100,,0
3338500,3338812,11884,3338656,pitdat.ddb,3338656,156400000000,1402088,1264388,264,47,53,0,100,,0
3338656,3338968,5,3338812,pitdat.ddb,3338812,00156B8C,1403788,1317088,717,118,225,1,100,,0
3338812,3339124,43,3338968,pitdat.ddb,3338968,00156B8C,1403788,1398688,246,29,36,0,100,,0
3338968,3339280,42,3339124,pitdat.ddb,3339124,00156B8C,1403788,1405488,229,33,39,0,100,,0
3339124,3339436,43,3339280,pitdat.ddb,3339280,157230,1405488,1403788,229,34,40,0,100,,0
3339280,3339592,33,3339436,pitdat.ddb,3339436,157230,1405488,1493888,120,20,26,0,100,,0
3339436,44317844,10268,3339592,pitdat.ddb,3339592,001578D4,1407188,1364688,40,6,6,0,100,,0
44317844,3340528,9054,3340216,pitdat.ddb,3340216,0015861C,1410588,1283088,388,57,123,0,100,,0
3340216,17439036,358,3340528,pitdat.ddb,3340528,0015861C,1410588,17173344,351,49,68,0,100,,0
44229448,3340840,6,3340684,pitdat.ddb,3340684,00158CC0,1412288,1413988,621,72,82,0,100,,0
3340684,3340996,1,3340840,pitdat.ddb,3340840,00158CC0,1412288,1417388,752,95,141,0,100,,0
3340840,3341152,1,3340996,pitdat.ddb,3340996,159364,1413988,1412288,621,80,118,0,100,,0
3340996,3341308,1,3341152,pitdat.ddb,3341152,159364,1413988,1415688,312,39,42,0,100,,0
3341152,3341464,1,3341308,pitdat.ddb,3341308,00159A08,1415688,1413988,312,40,57,0,100,,0
3341308,3341620,1,3341464,pitdat.ddb,3341464,00159A08,1415688,1113088,169,30,27,0,100,,0
3341464,3341776,1,3341620,pitdat.ddb,3341620,00159A08,1415688,1458188,599,66,84,0,100,,0
3341620,3341932,1,3341776,pitdat.ddb,3341776,0015A0AC,1417388,1412288,752,90,100,0,100,,0
3341776,3342088,1,3341932,pitdat.ddb,3341932,0015A0AC,1417388,1420788,228,30,46,0,100,,0
3341932,3342244,1,3342088,pitdat.ddb,3342088,0015A750,1419088,1436088,539,68,100,1,100,,0
3342088,3342400,1,3342244,pitdat.ddb,3342244,0015A750,1419088,1420788,146,26,22,0,100,,0
3342244,3342556,1,3342400,pitdat.ddb,3342400,0015ADF4,1420788,1417388,228,35,33,0,100,,0
3342400,3342712,1,3342556,pitdat.ddb,3342556,0015ADF4,1420788,1419088,146,18,25,0,100,,0
3342556,3343180,3,3342712,pitdat.ddb,3342712,0015ADF4,1420788,1141988,115,27,18,0,100,,0
3342712,3343336,194,3343180,pitdat.ddb,3343180,0015BB3C,1424188,1427588,270,42,47,0,100,,0
3343180,3343492,212,3343336,pitdat.ddb,3343336,0015BB3C,1424188,1439488,148,19,22,0,100,,0
3343336,3343648,443,3343492,pitdat.ddb,3343492,0015C1E0,1425888,1437788,134,23,41,0,100,,0
3343492,3343804,458,3343648,pitdat.ddb,3343648,0015C1E0,1425888,1430988,404,49,67,0,100,,0
3343648,3344116,232,3343804,pitdat.ddb,3343804,0015C884,1427588,1424188,270,40,46,0,100,,0
3343804,3344272,2,3344116,pitdat.ddb,3344116,0015C884,1427588,1434388,184,31,21,0,100,,0
3344116,3344428,159,3344272,pitdat.ddb,3344272,0015C884,1427588,1143688,274,47,33,0,100,,0
3344272,3344584,1,3344428,pitdat.ddb,3344428,0015CF28,1429288,1147088,266,52,44,0,100,,0
3344428,3344740,5,3344584,pitdat.ddb,3344584,0015CF28,1429288,1439488,396,55,61,0,100,,0
3344584,3344896,418,3344740,pitdat.ddb,3344740,0015D5CC,1430988,1425888,404,71,124,0,100,,0
3344740,3345052,402,3344896,pitdat.ddb,3344896,0015D5CC,1430988,1432688,468,50,109,0,100,,0
3344896,34560728,362,3345052,pitdat.ddb,3345052,0015DC70,1432688,1430988,468,94,165,0,100,,0
44924444,38656292,21,3345208,pitdat.ddb,3345208,0012E768,1238888,1466688,217,37,41,0,100,,0
34561048,3345520,3,3345364,pitdat.ddb,3345364,0015E314,1434388,1427588,184,25,28,0,100,,0
3345364,3345676,1,3345520,pitdat.ddb,3345520,0015E314,1434388,1436088,306,67,54,0,100,,0
3345520,3345832,1,3345676,pitdat.ddb,3345676,0015E9B8,1436088,1434388,306,43,36,0,100,,0
3345676,3345988,1,3345832,pitdat.ddb,3345832,0015E9B8,1436088,1419088,539,90,80,1,100,,0
3345832,3346144,7,3345988,pitdat.ddb,3345988,0015F05C,1437788,1191288,347,53,76,0,100,,0
3345988,3346300,456,3346144,pitdat.ddb,3346144,0015F05C,1437788,1439488,72,13,13,0,100,,0
3346144,3346456,488,3346300,pitdat.ddb,3346300,0015F05C,1437788,1425888,134,16,17,0,100,,0
3346300,3346612,9,3346456,pitdat.ddb,3346456,0015F05C,1437788,1145388,520,72,101,0,100,,0
3346456,3346768,490,3346612,pitdat.ddb,3346612,0015F700,1439488,1437788,72,12,11,0,100,,0
3346612,3346924,5,3346768,pitdat.ddb,3346768,0015F700,1439488,1429288,396,58,81,0,100,,0
3346768,31507128,181,3346924,pitdat.ddb,3346924,0015F700,1439488,1424188,148,23,43,0,100,,0
31507128,3347548,6192,3347392,pitdat.ddb,3347392,160448,1442888,1393588,394,51,51,0,100,,0
3347392,3347704,6188,3347548,pitdat.ddb,3347548,160448,1442888,1266088,132,25,39,0,100,,0
3347548,3347860,1,3347704,pitdat.ddb,3347704,00160AEC,1444588,1464988,203,26,34,0,100,,0
3347704,3348016,1,3347860,pitdat.ddb,3347860,00160AEC,1444588,1446288,242,36,41,0,100,,0
3347860,3348172,1,3348016,pitdat.ddb,3348016,161190,1446288,1444588,242,27,34,0,100,,0
3348016,3348328,1,3348172,pitdat.ddb,3348172,161190,1446288,1447988,311,48,54,0,100,,0
3348172,3348484,1,3348328,pitdat.ddb,3348328,161834,1447988,1446288,311,36,38,0,100,,0
3348328,3348640,1,3348484,pitdat.ddb,3348484,161834,1447988,1451388,325,47,55,0,100,,0
3348484,3348796,1,3348640,pitdat.ddb,3348640,00161ED8,1449688,1459888,437,67,94,0,100,,0
3348640,3348952,1,3348796,pitdat.ddb,3348796,00161ED8,1449688,1507488,44,11,17,0,100,,0
3348796,3349108,1,3348952,pitdat.ddb,3348952,00161ED8,1449688,1526188,244,68,48,0,100,,0
3348952,3349264,1,3349108,pitdat.ddb,3349108,00161ED8,1449688,1515988,83,17,20,0,100,,0
3349108,3349420,1,3349264,pitdat.ddb,3349264,00161ED8,1449688,1153888,112,19,37,0,100,,0
3349264,3349576,1,3349420,pitdat.ddb,3349420,0016257C,1451388,1447988,325,36,52,0,100,,0
3349420,3349732,1,3349576,pitdat.ddb,3349576,0016257C,1451388,1453088,171,26,34,0,100,,0
3349576,3349888,1,3349732,pitdat.ddb,3349732,00162C20,1453088,1451388,171,31,35,0,100,,0
3349732,3350044,1,3349888,pitdat.ddb,3349888,00162C20,1453088,1454788,230,34,43,0,100,,0
3349888,3350200,1,3350044,pitdat.ddb,3350044,001632C4,1454788,1453088,230,41,40,0,100,,0
3350044,3350356,1,3350200,pitdat.ddb,3350200,001632C4,1454788,1456488,279,38,42,0,100,,0
3350200,3350512,1,3350356,pitdat.ddb,3350356,163968,1456488,1454788,279,51,51,0,100,,0
3350356,3350668,1,3350512,pitdat.ddb,3350512,163968,1456488,1155588,109,17,18,0,100,,0
3350512,3350824,1,3350668,pitdat.ddb,3350668,0016400C,1458188,1459888,306,51,56,0,100,,0
3350668,3350980,1,3350824,pitdat.ddb,3350824,0016400C,1458188,1415688,599,84,137,0,100,,0
3350824,3351136,1,3350980,pitdat.ddb,3350980,001646B0,1459888,1458188,306,39,98,0,100,,0
3350980,3351292,1,3351136,pitdat.ddb,3351136,001646B0,1459888,1461588,196,23,44,0,100,,0
3351136,3351448,1,3351292,pitdat.ddb,3351292,001646B0,1459888,1449688,437,93,157,0,100,,0
3351292,3351604,1,3351448,pitdat.ddb,3351448,00164D54,1461588,1459888,196,31,95,0,100,,0
3351448,3351760,1,3351604,pitdat.ddb,3351604,00164D54,1461588,1463288,412,49,80,0,100,,0
3351604,3351916,1,3351760,pitdat.ddb,3351760,001653F8,1463288,1461588,412,59,69,0,100,,0
3351760,3352072,1,3351916,pitdat.ddb,3351916,001653F8,1463288,1464988,448,57,79,0,100,,0
3351916,3352228,1,3352072,pitdat.ddb,3352072,00165A9C,1464988,1463288,448,58,74,0,100,,0
3352072,11386728,6,3352228,pitdat.ddb,3352228,00165A9C,1464988,1444588,203,26,37,0,100,,0
43110296,3353476,991,3353320,pitdat.ddb,3353320,16670000,1468388,1481988,414,58,64,0,100,,0
3353320,3353632,1,3353476,pitdat.ddb,3353476,1.66e+90,1470088,1369788,92,14,19,1,100,,0
3353476,3353788,1062,3353632,pitdat.ddb,3353632,1.66e+90,1470088,1390188,128,39,25,0,100,,0
3353632,3353944,1164,3353788,pitdat.ddb,3353788,0016752C,1471788,1386788,47,9,12,0,100,,0
3353788,3354100,1,3353944,pitdat.ddb,3353944,0016752C,1471788,1383388,63,11,9,1,100,,0
3353944,3354256,1,3354100,pitdat.ddb,3354100,00167BD0,1473488,1481988,115,89,94,1,100,,0
3354100,3354412,1438,3354256,pitdat.ddb,3354256,00167BD0,1473488,1483688,100,14,9,0,100,,0
3354256,3354568,1,3354412,pitdat.ddb,3354412,168274,1475188,1378288,72,13,12,1,100,,0
3354412,3354724,1044,3354568,pitdat.ddb,3354568,168274,1475188,1383388,99,20,23,0,100,,0
3354568,3354880,6029,3354724,pitdat.ddb,3354724,168274,1475188,1386788,100,19,18,0,100,,0
3354724,3355036,1,3354880,pitdat.ddb,3354880,168274,1475188,1385088,78,18,13,1,100,,0
3354880,3355192,1,3355036,pitdat.ddb,3355036,168918,1476888,1388488,139,25,25,1,100,,0
3355036,3355660,6853,3355192,pitdat.ddb,3355192,168918,1476888,1381688,43,9,13,0,100,,0
3355192,3355816,2303,3355660,pitdat.ddb,3355660,00169D04,1481988,1398688,224,37,51,0,100,,0
3355660,3355972,1438,3355816,pitdat.ddb,3355816,00169D04,1481988,1473488,115,14,17,0,100,,0
3355816,3356128,955,3355972,pitdat.ddb,3355972,00169D04,1481988,1468388,414,79,67,0,100,,0
3355972,3356284,1,3356128,pitdat.ddb,3356128,00169D04,1481988,1483688,188,27,31,1,100,,0
3356128,3356440,1,3356284,pitdat.ddb,3356284,00169D04,1481988,1529588,619,119,134,0,100,,0
3356284,3356596,1439,3356440,pitdat.ddb,3356440,0016A3A8,1483688,1481988,188,42,45,0,100,,0
3356440,3356752,1,3356596,pitdat.ddb,3356596,0016A3A8,1483688,1473488,100,19,22,1,100,,0
3356596,3356908,1,3356752,pitdat.ddb,3356752,0016A3A8,1483688,1158988,86,16,22,0,100,,0
3356752,3357064,1,3356908,pitdat.ddb,3356908,0016B0F0,1487088,1396988,382,57,78,0,100,,0
3356908,3357220,2118,3357064,pitdat.ddb,3357064,0016BE38,1490488,1400388,339,50,39,0,100,,0
3357064,3357376,467,3357220,pitdat.ddb,3357220,0016C4DC,1492188,1400388,140,40,19,0,100,,0
3357220,3357532,29,3357376,pitdat.ddb,3357376,0016CB80,1493888,1405488,120,18,21,0,100,,0
3357376,3357688,3,3357532,pitdat.ddb,3357532,0016D224,1495588,1266088,137,38,37,0,100,,0
3357532,3357844,2,3357688,pitdat.ddb,3357688,0016DF6C,1498988,1283088,75,10,11,0,100,,0
3357688,6503156,13,3357844,pitdat.ddb,3357844,0016ECB4,1502388,1283088,89,14,23,0,100,,0
3309640,3358468,2,3358312,pitdat.ddb,3358312,001700A0,1507488,1449688,44,7,9,0,100,,0
3358312,3358624,68,3358468,pitdat.ddb,3358468,170744,1509188,1266088,143,21,23,0,100,,0
3358468,3358780,1,3358624,pitdat.ddb,3358624,001721D4,1515988,1449688,83,18,13,0,100,,0
3358624,3358936,2,3358780,pitdat.ddb,3358780,00173C64,1522788,1279688,77,13,14,0,100,,0
3358780,3359092,1,3358936,pitdat.ddb,3358936,174308,1524488,1396988,297,55,58,0,100,,0
3358936,3359248,1,3359092,pitdat.ddb,3359092,001749AC,1526188,1449688,244,58,36,0,100,,0
3359092,3359404,306,3359248,pitdat.ddb,3359248,175050,1527888,1267788,725,116,76,0,100,,0
3359248,17176612,11,3359404,pitdat.ddb,3359404,001756F4,1529588,1481988,619,109,118,0,100,,0
3357844,3309640,924,6503156,pitdat.ddb,6503156,0016F358,1504088,1410588,106,13,56,0,100,,0
17439036,44229448,928,10308952,pitdat.ddb,10308952,0015861C,1410588,1505788,259,40,45,0,100,,0
3352228,35501616,4507,11386728,pitdat.ddb,11386728,166140,1466688,1334088,260,47,60,0,100,,0
17176772,35348532,360,17175048,pitdat.ddb,17175048,01060B60,17173344,1410588,351,50,57,0,100,,0
3359404,38963960,365,17176612,pitdat.ddb,17176612,962800000000,9840872,17173344,969,203,199,0,100,,0
38963960,17175048,365,17176772,pitdat.ddb,17176772,01060B60,17173344,9840872,969,219,208,0,100,,0
3340528,10308952,800,17439036,pitdat.ddb,17439036,0015861C,1410588,1504088,106,47,40,0,100,,0
32338060,3308860,89,19197412,pitdat.ddb,19197412,0013C28C,1294988,1189588,180,33,51,0,100,,0
3293260,3295288,166,19197572,pitdat.ddb,19197572,001226D4,1189588,1294988,180,44,45,0,100,,0
35348532,46977052,353,23330764,pitdat.ddb,23330764,012A4EB0,19549872,1296688,126,17,19,0,100,,0
34979868,26535092,299,23741396,pitdat.ddb,23741396,0013C930,1296688,19549872,126,19,33,0,100,,0
3314008,3314476,1647,26534932,pitdat.ddb,26534932,0013F7AC,1308588,1296688,406,66,74,0,100,,0
23741396,3310420,1623,26535092,pitdat.ddb,26535092,0013C930,1296688,1308588,406,71,62,0,100,,0
3301060,46029576,4064,27867380,pitdat.ddb,27867380,00134B04,1264388,27864912,192,37,35,0,100,,0
46977052,39834916,2838,27867540,pitdat.ddb,27867540,01A92F50,27864912,1264388,192,29,54,1,100,,0
3306988,3307144,52,30257040,pitdat.ddb,30257040,00139AB4,1284788,30252368,101,17,18,0,100,,0
39834916,31507288,62,30401000,pitdat.ddb,30401000,01CD9D50,30252368,1284788,101,17,18,0,100,,0
3346924,3347392,604,31507128,pitdat.ddb,31507128,0015F700,1439488,31504484,340,63,120,0,100,,0
30401000,42930396,616,31507288,pitdat.ddb,31507288,01E0B864,31504484,1439488,340,40,46,0,100,,0
3308392,19197412,2751,32338060,pitdat.ddb,32338060,0013B544,1291588,1294988,389,74,103,0,100,,0
3319312,35501456,4431,32814516,pitdat.ddb,32814516,00145B48,1334088,1466688,260,41,40,0,100,,0
3345052,34561048,7,34560728,pitdat.ddb,34560728,0015DC70,1432688,1140288,124,23,24,0,100,,0
3291544,3291700,4,34560888,pitdat.ddb,34560888,116640,1140288,1432688,124,20,21,0,100,,0
34560728,3345364,368,34561048,pitdat.ddb,34561048,0015DC70,1432688,1116488,296,44,66,0,100,,0
3290296,3290608,365,34561208,pitdat.ddb,34561208,110948,1116488,1432688,296,50,53,0,100,,0
47909396,36840420,1395,34979708,pitdat.ddb,34979708,0207EC44,34073668,1296688,381,56,72,0,100,,0
3309172,23741396,1290,34979868,pitdat.ddb,34979868,0013C930,1296688,34073668,381,57,66,0,100,,0
17175048,23330764,625,35348532,pitdat.ddb,35348532,01185C08,18373640,1306888,354,66,69,0,100,,0
3313540,3314008,616,35348692,pitdat.ddb,35348692,0013F108,1306888,18373640,354,60,62,0,100,,0
32814516,38964120,1316,35501456,pitdat.ddb,35501456,001475D8,1340888,1466688,305,94,53,0,100,,0
11386728,36840260,1296,35501616,pitdat.ddb,35501616,166140,1466688,1340888,305,74,59,0,100,,0
35501616,38656452,846,36840260,pitdat.ddb,36840260,166140,1466688,36652724,112,28,20,0,100,,0
34979708,43015360,876,36840420,pitdat.ddb,36840420,022F46B4,36652724,1466688,112,28,61,0,100,,0
38656452,44924604,20,38583808,pitdat.ddb,38583808,166140,1466688,1238888,217,52,39,0,100,,0
3345208,3299500,28,38656292,pitdat.ddb,38656292,0012EE0C,1240588,1466688,239,52,44,0,100,,0
36840260,38583808,27,38656452,pitdat.ddb,38656452,166140,1466688,1240588,239,41,43,0,100,,0
17176612,17176772,112,38963960,pitdat.ddb,38963960,00A7CB18,10996504,1340888,157,30,61,0,100,,0
35501456,40445092,110,38964120,pitdat.ddb,38964120,001475D8,1340888,10996504,157,19,27,0,100,,0
27867540,30401000,1195,39834916,pitdat.ddb,39834916,01A92F50,27864912,31504484,156,21,21,0,100,,0
38964120,44786860,666,40445092,pitdat.ddb,40445092,001475D8,1340888,1228688,279,39,42,0,100,,0
47091944,44924444,687,40445252,pitdat.ddb,40445252,0012BF90,1228688,1340888,279,43,71,0,100,,0
43015360,44305984,538,40801156,pitdat.ddb,40801156,02A40214,44302868,1356188,415,62,100,0,100,,0
31507288,46029896,18,42930396,pitdat.ddb,42930396,01E0B864,31504484,27864912,156,24,39,1,100,,0
36840420,40801156,349,43015360,pitdat.ddb,43015360,027ECE30,41864752,1357888,152,23,38,0,100,,0
44924604,3353320,3,43110296,pitdat.ddb,43110296,166140,1466688,23889372,203,33,30,0,100,,0
10308952,3340684,811,44229448,pitdat.ddb,44229448,0015861C,1410588,1407188,241,27,29,0,100,,0
3325240,44305824,477,44304572,pitdat.ddb,44304572,0014B19C,1356188,44302868,415,67,62,0,100,,0
44304572,44559228,531,44305824,pitdat.ddb,44305824,0014B840,1357888,44302868,101,21,36,0,100,,0
40801156,47909556,472,44305984,pitdat.ddb,44305984,02A40214,44302868,1357888,101,14,18,0,100,,0
3339592,3340216,810,44317844,pitdat.ddb,44317844,001578D4,1407188,1410588,241,39,73,0,100,,0
44305824,44688300,346,44559228,pitdat.ddb,44559228,0014B840,1357888,41864752,152,23,23,0,100,,0
44688140,46029416,30,44575456,pitdat.ddb,44575456,02AB5AF8,44784376,1340888,242,37,66,0,100,,0
47909556,44575456,104,44688140,pitdat.ddb,44688140,02A97AB0,44661424,1357888,173,23,19,0,100,,0
44559228,3326800,100,44688300,pitdat.ddb,44688300,0014B840,1357888,44661424,173,30,60,0,100,,0
40445092,47091784,33,44786860,pitdat.ddb,44786860,001475D8,1340888,44784376,242,46,36,0,100,,0
40445252,3345208,347,44924444,pitdat.ddb,44924444,0012D37C,1233788,1466688,285,63,53,0,100,,0
38583808,43110296,342,44924604,pitdat.ddb,44924604,166140,1466688,1233788,285,53,51,0,100,,0
44575456,46029736,510,46029416,pitdat.ddb,46029416,02BE4E44,46026308,1264388,150,25,24,0,100,,0
27867380,3301216,72,46029576,pitdat.ddb,46029576,00134B04,1264388,46026308,150,31,35,0,100,,0
46029416,46030056,4,46029736,pitdat.ddb,46029736,02BE4E44,46026308,31504484,167,20,30,1,100,,0
42930396,47909396,441,46029896,pitdat.ddb,46029896,01E0B864,31504484,46026308,167,33,61,0,100,,0
46029736,-1,78,46030056,pitdat.ddb,46030056,02BE4E44,46026308,1148788,218,47,50,0,100,,0
3292168,3292480,79,46030216,pitdat.ddb,46030216,118774,1148788,46026308,218,39,43,0,100,,0
23330764,27867540,3,46977052,pitdat.ddb,46977052,016C85DC,23889372,1466688,203,33,57,0,100,,0
44786860,3322432,35,47091784,pitdat.ddb,47091784,001475D8,1340888,1199788,67,9,13,0,100,,0
3295912,40445252,39,47091944,pitdat.ddb,47091944,00124EAC,1199788,1340888,67,25,35,0,100,,0
46029896,34979708,20,47909396,pitdat.ddb,47909396,2006128,33579304,44302868,155,24,37,0,100,,0
44305984,44688140,18,47909556,pitdat.ddb,47909556,02A40214,44302868,33579304,155,20,23,0,100,,0
