Id,FieldId,FieldPit,PitName,FieldRegion,RegionName,FieldBlendrec,BlendName,FieldPath,PathName,FieldBean,BeanName,FieldInvbean,InvBeanName,FieldHaul,FieldOre,FieldDumpfeed,FieldDumpcapy,FieldBinsize,FieldXloc,FieldYloc,FieldPathix,FieldTimedump,FieldZloc,FieldSignid,FieldUnit,Unit,FieldLoad,Load,FieldIstiedown,FieldStatus,Status,FieldLinestat,Linestat,FieldSpillage,FieldSignpost,FieldShoptype,Shoptype,FieldDumpqueue,FieldPctcapy,FieldBays,FieldNopenalty,FieldTimelast,FieldRadius,FieldGpstype,Gpstype,FieldReason
1113088,BOT/NIVE-PRISMA1,1184488,DLB,1259288,MINA,-1,,3359576,,-1,,-1,,0,0,0,10000000000,0,97738,96987,0,60,3360.0,65535,266,Botadero,95,Nieve,0,247,Panne,247,Panne,0,0,245,Otro,0,100,0,0,0,0,394,Desabilitado,-1
1114788,BOT_BBG_STK_ENAEX_PIT,1184488,DLB,1259288,MINA,-1,,-1,,-1,,-1,,0,0,0,10000000000,0,99493,100480,65535,69,3550.0,65535,266,Botadero,92,Esteril,0,247,Panne,247,Panne,0,1,245,Otro,0,100,0,0,0,0,394,Desabilitado,-1
1116488,BOT_BGAR_CORRUGAD_C1_C2,1184488,DLB,1259288,MINA,-1,,34562460,,-1,,-1,,0,0,0,3500,0,99208,99032,1,85,3430.0,12,266,Botadero,110,Esteril Clase 1,0,247,Panne,247,Panne,0,1,245,Otro,0,100,0,0,0,0,394,Desabilitado,-1
1118188,BOT_CONST_RAMPA_IS6,1184488,DLB,1215088,INFIERNILLO 6,-1,,3690500,,-1,,-1,,0,0,0,10000000000,0,101608,99001,2,116,3950.0,65535,266,Botadero,92,Esteril,0,247,Panne,247,Panne,0,1,245,Otro,0,100,0,0,0,0,394,Desabilitado,-1
1119888,D02-3805-993,1184488,DLB,1186188,DONOSO 2,-1,,-1,,-1,,-1,,0,0,0,10000000000,0,101409,100877,65535,60,3805.0,65535,269,Banco,90,Mineral,0,248,Operativo,248,Operativo,0,0,245,Otro,0,100,0,0,0,0,394,Desabilitado,-1
1121588,BOT_CURVA_6,1184488,DLB,1215088,INFIERNILLO 6,-1,,3611564,,-1,,-1,,0,0,0,10000000000,0,100649,98290,3,65,3880.0,26,266,Botadero,93,Remanejo,0,247,Panne,247,Panne,0,1,245,Otro,0,100,0,0,0,0,394,Desabilitado,-1
1123288,BOT_CURVA_7,1184488,DLB,1215088,INFIERNILLO 6,-1,,3669248,,-1,,-1,,0,0,0,10000000000,0,101058,98238,4,74,3880.0,70,266,Botadero,92,Esteril,0,247,Panne,247,Panne,0,1,245,Otro,0,100,0,0,0,0,394,Desabilitado,-1
1124988,BOT_D2_ESTANDAR,1184488,DLB,1186188,DONOSO 2,-1,,-1,,-1,,-1,,0,0,0,10000000000,0,100485,101401,65535,76,3775.0,65535,266,Botadero,110,Esteril Clase 1,0,247,Panne,247,Panne,0,1,245,Otro,0,100,0,0,0,0,394,Desabilitado,-1
1126688,BOT_EST_CRATER,1184488,DLB,1186188,DONOSO 2,-1,,-1,,-1,,-1,,0,0,0,10000000000,0,100315,100751,65535,59,3000.0,65535,266,Botadero,90,Mineral,0,247,Panne,247,Panne,0,0,245,Otro,0,100,0,0,0,0,394,Desabilitado,-1
1128388,BOT_INF_08,1184488,DLB,1220188,INFIERNILLO 8,-1,,3927308,,-1,,-1,,0,0,0,10000000000,0,99364,99124,5,61,3400.0,99,266,Botadero,1134,Esteril Clase 2,0,247,Panne,247,Panne,0,1,245,Otro,0,100,0,0,0,0,394,Desabilitado,-1
1130088,BOT_INF5,1184488,DLB,1213388,INFIERNILLO 5,-1,,-1,,-1,,-1,,0,0,0,10000000000,0,101610,99902,65535,76,3325.0,97,266,Botadero,1134,Esteril Clase 2,0,247,Panne,247,Panne,0,1,245,Otro,0,100,0,0,0,9,397,Punto Final D,-1
1131788,BOT_INF7A_ESTANDAR,1184488,DLB,1216788,INFIERNILLO 7A,-1,,-1,,-1,,-1,,0,0,0,10000000000,0,100299,99445,65535,71,3245.0,65535,266,Botadero,1134,Esteril Clase 2,0,247,Panne,247,Panne,0,0,245,Otro,0,100,0,0,0,0,394,Desabilitado,-1
1133488,BOT_INF7A_RAMPA AUX,1184488,DLB,1216788,INFIERNILLO 7A,-1,,-1,,-1,,-1,,0,0,0,300,0,100643,99203,65535,87,3205.0,65535,266,Botadero,90,Mineral,0,247,Panne,247,Panne,0,0,245,Otro,0,100,0,0,0,0,394,Desabilitado,-1
1135188,BOT_RAMPA_3295-3310,1184488,DLB,1213388,INFIERNILLO 5,-1,,-1,,47844572,D_BOT_RAMPA_3295-33,-1,,0,1530,0,10000000000,0,101200,99206,65535,61,3295.0,65535,266,Botadero,91,Lixiviable,0,247,Panne,247,Panne,0,0,245,Otro,0,100,0,0,0,0,394,Desabilitado,-1
1136888,BOT_SOBRECARGA_D2,1184488,DLB,1186188,DONOSO 2,-1,,-1,,-1,,-1,,0,0,0,10000000000,0,101615,101649,65535,68,3900.0,89,266,Botadero,93,Remanejo,0,247,Panne,247,Panne,0,0,245,Otro,0,100,0,0,0,0,394,Desabilitado,-1
1138588,BOT_ZIGZAG,1184488,DLB,1259288,MINA,-1,,-1,,-1,,-1,,0,0,0,10000000000,0,99565,99210,65535,80,3430.0,48,266,Botadero,1134,Esteril Clase 2,0,247,Panne,247,Panne,0,1,245,Otro,0,100,0,0,0,0,394,Desabilitado,-1
1140288,BSF_3475_ESTC1,1184488,DLB,1259288,MINA,-1,,34565500,,-1,,-1,,0,0,0,10000000000,0,98889,98994,6,66,3436.0,65535,266,Botadero,91,Lixiviable,0,247,Panne,247,Panne,0,1,245,Otro,0,100,0,0,0,0,394,Desabilitado,-1
1141988,BSF_3490_EST_C1,1184488,DLB,1259288,MINA,-1,,3781580,,-1,,-1,,0,0,0,10000000000,0,98207,97271,7,72,3490.0,93,266,Botadero,110,Esteril Clase 1,0,247,Panne,247,Panne,0,1,245,Otro,0,100,0,0,0,0,394,Desabilitado,-1
1143688,BSF_3535_C1,1184488,DLB,1259288,MINA,-1,,35015984,,-1,,-1,,0,0,0,10000000000,0,98162,97878,8,67,3535.0,31,266,Botadero,1134,Esteril Clase 2,0,247,Panne,247,Panne,0,1,245,Otro,0,100,0,0,0,0,394,Desabilitado,-1
1145388,BSF_3535_EST,1184488,DLB,1259288,MINA,-1,,3860516,,-1,,-1,,0,0,0,10000000000,0,98600,98730,9,67,3535.0,120,266,Botadero,1134,Esteril Clase 2,0,247,Panne,247,Panne,0,1,245,Otro,0,100,0,0,0,0,394,Desabilitado,-1
1147088,BSF_3535_LIX,1184488,DLB,1259288,MINA,-1,,3699608,,-1,,-1,,0,0,0,10000000000,0,97822,97940,10,76,3535.0,60,266,Botadero,95,Nieve,0,247,Panne,247,Panne,0,1,245,Otro,0,100,0,0,0,0,394,Desabilitado,-1
1148788,BSF_3570_EST,1184488,DLB,1259288,MINA,-1,,3708716,,-1,,-1,,0,0,0,4000,0,98427,98490,11,72,3570.0,39,266,Botadero,110,Esteril Clase 1,0,247,Panne,247,Panne,0,1,245,Otro,0,100,0,0,0,0,394,Desabilitado,-1
1150488,BSF_3590_EST,1184488,DLB,1259288,MINA,-1,,3799796,,-1,,-1,,0,0,0,10000000000,0,98548,97761,12,110,3600.0,95,266,Botadero,1134,Esteril Clase 2,0,247,Panne,247,Panne,0,1,245,Otro,0,100,0,0,0,0,394,Desabilitado,-1
1152188,BSF_3590_LIX,1184488,DLB,1259288,MINA,-1,,3796760,,47818748,D_BSF_3590_LIX,-1,,0,15300,0,10000000000,0,98388,97602,13,63,3600.0,3,266,Botadero,1129,Mineral Primario,0,248,Operativo,248,Operativo,0,1,245,Otro,0,100,0,0,0,0,394,Desabilitado,-1
1153888,BSF_BOS_3282_EST,1184488,DLB,1259288,MINA,-1,,3362612,,-1,,-1,,0,0,0,10000000000,0,96775,97437,14,69,3294.0,65535,266,Botadero,110,Esteril Clase 1,0,247,Panne,247,Panne,0,1,245,Otro,0,100,0,0,0,0,394,Desabilitado,-1
1155588,BSF-3200-PRISMA,1184488,DLB,1259288,MINA,-1,,3365648,,-1,,-1,,0,0,0,10000000000,0,96681,97014,15,87,3075.0,9007,266,Botadero,92,Esteril,0,247,Panne,247,Panne,0,1,245,Otro,0,100,0,0,0,0,394,Desabilitado,-1
1157288,CACHIMBA BGAR_C1,1184488,DLB,1259288,MINA,-1,,3368684,,-1,,-1,,0,0,0,10000000000,0,99280,99339,16,60,3390.0,43,270,Taller,90,Mineral,0,247,Panne,247,Panne,0,1,1008,Agua,0,100,0,0,0,0,394,Desabilitado,-1
1158988,CACHIMBA SFCO,1184488,DLB,1259288,MINA,-1,,3678356,,-1,,-1,,0,0,0,10000000000,0,99406,98512,17,60,3595.0,13,270,Taller,90,Mineral,0,247,Panne,247,Panne,0,1,1008,Agua,0,100,0,0,0,0,394,Desabilitado,-1
1162388,D02-3700-999,1184488,DLB,1186188,DONOSO 2,-1,,-1,,-1,,-1,,0,0,0,10000000000,0,101260,100741,65535,60,3700.0,65535,269,Banco,90,Mineral,0,248,Operativo,248,Operativo,0,0,245,Otro,0,100,0,0,0,0,394,Desabilitado,-1
1182788,D02-3820-CRATER,1184488,DLB,1186188,DONOSO 2,-1,,-1,,-1,,-1,,0,0,0,10000000000,0,101832,99373,65535,60,3820.0,65535,269,Banco,90,Mineral,0,248,Operativo,248,Operativo,0,0,245,Otro,0,100,0,0,0,0,394,Desabilitado,-1
1184488,DLB,-1,,-1,,-1,,-1,,47802956,P_DLB,-1,,14382,0,0,10000000000,0,94600,94000,65535,60,3000.0,65535,273,Mina,90,Mineral,0,248,Operativo,248,Operativo,0,0,245,Otro,0,100,0,0,0,0,394,Desabilitado,-1
1186188,DONOSO 2,1184488,DLB,-1,,-1,,-1,,-1,,-1,,0,0,0,10000000000,0,0,0,65535,60,3950.0,65535,274,Sector,90,Mineral,0,248,Operativo,248,Operativo,0,0,245,Otro,0,100,0,0,0,0,394,Desabilitado,-1
1189588,ESTAC. CURVA 3,1184488,DLB,1186188,DONOSO 2,-1,,3827120,,-1,,-1,,0,0,0,10000000000,0,101032,100718,18,60,3728.0,2,271,Cambio Turno,90,Mineral,0,248,Operativo,248,Operativo,0,1,245,Otro,0,100,0,0,0,0,394,Desabilitado,-1
1191288,ESTAC_3535-3,1184488,DLB,1259288,MINA,-1,,3693536,,-1,,-1,,0,0,0,10000000000,0,98467,98628,19,60,3535.0,115,271,Cambio Turno,90,Mineral,0,247,Panne,247,Panne,0,0,245,Otro,0,100,0,0,0,0,394,Desabilitado,-1
1192988,ESTAC_3570_MG,1184488,DLB,1259288,MINA,-1,,3842300,,-1,,-1,,0,0,0,10000000000,0,98553,98421,20,60,3570.0,25,271,Cambio Turno,90,Mineral,0,248,Operativo,248,Operativo,0,1,245,Otro,0,100,0,0,0,0,394,Desabilitado,-1
1194688,ESTAC_3600-SUPERIOR,1184488,DLB,1259288,MINA,-1,,3687464,,-1,,-1,,0,0,0,10000000000,0,98986,97998,21,60,3625.0,73,271,Cambio Turno,90,Mineral,0,248,Operativo,248,Operativo,0,0,245,Otro,0,100,0,0,0,0,394,Desabilitado,-1
1196388,ESTAC_DON_02,1184488,DLB,1186188,DONOSO 2,-1,,3380828,,-1,,-1,,0,0,0,10000000000,0,100896,101761,22,60,3870.0,41,271,Cambio Turno,90,Mineral,1,247,Panne,247,Panne,0,1,245,Otro,0,100,0,0,0,0,394,Desabilitado,-1
1198088,ESTAC_INF_06,1184488,DLB,1215088,INFIERNILLO 6,-1,,3629780,,-1,,-1,,0,0,0,10000000000,0,101102,98010,23,60,3940.0,59,271,Cambio Turno,90,Mineral,1,247,Panne,247,Panne,0,1,245,Otro,0,100,0,0,0,0,394,Desabilitado,-1
1199788,ESTAC_INFIER_05,1184488,DLB,1259288,MINA,-1,,47093352,,-1,,-1,,0,0,0,10000000000,0,100755,100072,24,60,3295.0,7,271,Cambio Turno,90,Mineral,0,248,Operativo,248,Operativo,0,1,245,Otro,0,100,0,0,0,0,394,Desabilitado,-1
1203188,I7A-3205-304,1184488,DLB,1216788,INFIERNILLO 7A,-1,,-1,,-1,,-1,,0,0,0,10000000000,0,100467,99082,65535,60,3205.0,65535,269,Banco,90,Mineral,0,248,Operativo,248,Operativo,0,0,245,Otro,0,100,0,0,0,0,394,Desabilitado,-1
1204888,I7A-3205-305,1184488,DLB,1216788,INFIERNILLO 7A,-1,,-1,,-1,,-1,,0,0,0,10000000000,0,100636,99173,65535,60,3205.0,65535,269,Banco,90,Mineral,0,248,Operativo,248,Operativo,0,0,245,Otro,0,100,0,0,0,0,394,Desabilitado,-1
1208288,I7A-3205-307,1184488,DLB,1216788,INFIERNILLO 7A,-1,,-1,,-1,,-1,,0,0,0,10000000000,0,100437,99196,65535,60,3205.0,65535,269,Banco,90,Mineral,0,248,Operativo,248,Operativo,0,0,245,Otro,0,100,0,0,0,0,394,Desabilitado,-1
1209988,I7A-3205-308,1184488,DLB,1216788,INFIERNILLO 7A,-1,,-1,,-1,,-1,,0,0,0,10000000000,0,100476,99371,65535,60,3205.0,65535,269,Banco,90,Mineral,0,248,Operativo,248,Operativo,0,0,245,Otro,0,100,0,0,0,0,394,Desabilitado,-1
1211688,I7A-3205-999,1184488,DLB,1216788,INFIERNILLO 7A,-1,,-1,,-1,,-1,,0,0,0,10000000000,0,100463,99510,65535,60,3205.0,65535,269,Banco,90,Mineral,0,248,Operativo,248,Operativo,0,0,245,Otro,0,100,0,0,0,0,394,Desabilitado,-1
1213388,INFIERNILLO 5,1184488,DLB,-1,,-1,,-1,,47846336,R_INFIERNILLO 5,-1,,0,0,0,10000000000,0,0,0,65535,60,3880.0,65535,274,Sector,90,Mineral,0,248,Operativo,248,Operativo,0,0,245,Otro,0,100,0,0,0,0,394,Desabilitado,-1
1215088,INFIERNILLO 6,1184488,DLB,-1,,-1,,-1,,-1,,-1,,0,0,0,10000000000,0,94600,94000,65535,60,3000.0,65535,274,Sector,90,Mineral,0,248,Operativo,248,Operativo,0,0,245,Otro,0,100,0,0,0,0,394,Desabilitado,-1
1216788,INFIERNILLO 7A,1184488,DLB,1216788,INFIERNILLO 7A,-1,,-1,,-1,,-1,,0,0,0,10000000000,0,99964,99147,65535,60,3475.0,65535,274,Sector,90,Mineral,0,248,Operativo,248,Operativo,0,0,245,Otro,0,100,0,0,0,0,394,Desabilitado,-1
1218488,INFIERNILLO 7B,1184488,DLB,-1,,-1,,-1,,-1,,-1,,0,0,0,10000000000,0,94600,94000,65535,60,3000.0,65535,274,Sector,90,Mineral,0,248,Operativo,248,Operativo,0,0,245,Otro,0,100,0,0,0,0,394,Desabilitado,-1
1220188,INFIERNILLO 8,1184488,DLB,-1,,-1,,-1,,-1,,-1,,0,0,0,10000000000,0,94600,94000,65535,60,3000.0,65535,274,Sector,90,Mineral,0,248,Operativo,248,Operativo,0,0,245,Otro,0,100,0,0,0,0,394,Desabilitado,-1
1221888,IS5-3295-302,1184488,DLB,1213388,INFIERNILLO 5,-1,,-1,,-1,,-1,,0,0,0,10000000000,0,101205,99236,65535,60,3295.0,65535,269,Banco,90,Mineral,0,248,Operativo,248,Operativo,0,0,245,Otro,0,100,0,0,0,0,394,Desabilitado,-1
1223588,IS5-3295-314,1184488,DLB,1213388,INFIERNILLO 5,-1,,-1,,-1,,-1,,0,0,0,10000000000,0,100704,99907,65535,60,3310.0,65535,269,Banco,90,Mineral,0,248,Operativo,248,Operativo,0,0,245,Otro,0,100,0,0,0,0,394,Desabilitado,-1
1225288,IS5-3295-401,1184488,DLB,1213388,INFIERNILLO 5,-1,,-1,,-1,,-1,,0,0,0,10000000000,0,101193,99252,65535,60,3295.0,65535,269,Banco,90,Mineral,0,248,Operativo,248,Operativo,0,0,245,Otro,0,100,0,0,0,0,394,Desabilitado,-1
1226988,IS5-3295-402,1184488,DLB,1213388,INFIERNILLO 5,-1,,-1,,-1,,-1,,0,0,0,10000000000,0,101185,99296,65535,60,3295.0,65535,269,Banco,90,Mineral,0,248,Operativo,248,Operativo,0,0,245,Otro,0,100,0,0,0,0,394,Desabilitado,-1
1228688,IS5-3295-996,1184488,DLB,1213388,INFIERNILLO 5,-1,,40446348,,-1,,-1,,0,0,0,10000000000,0,100708,99775,25,60,3295.0,65535,269,Banco,90,Mineral,0,248,Operativo,248,Operativo,0,0,245,Otro,0,100,0,0,0,0,394,Desabilitado,-1
1230388,IS5-3310-310,1184488,DLB,1213388,INFIERNILLO 5,-1,,-1,,-1,,-1,,0,0,0,10000000000,0,101182,99272,65535,60,3310.0,65535,269,Banco,90,Mineral,0,248,Operativo,248,Operativo,0,0,245,Otro,0,100,0,0,0,0,394,Desabilitado,-1
1232088,IS5-3310-311,1184488,DLB,1213388,INFIERNILLO 5,-1,,-1,,-1,,-1,,0,0,0,10000000000,0,101227,99284,65535,60,3310.0,65535,269,Banco,90,Mineral,0,248,Operativo,248,Operativo,0,0,245,Otro,0,100,0,0,0,0,394,Desabilitado,-1
1233788,IS5-3310-312,1184488,DLB,1213388,INFIERNILLO 5,-1,,44925388,,-1,,-1,,0,0,0,10000000000,0,100784,99476,26,60,3310.0,65535,269,Banco,90,Mineral,0,248,Operativo,248,Operativo,0,0,245,Otro,0,100,0,0,0,0,394,Desabilitado,-1
1235488,IS5-3310-313,1184488,DLB,1213388,INFIERNILLO 5,-1,,-1,,-1,,-1,,0,0,0,10000000000,0,100882,99653,65535,60,3310.0,65535,269,Banco,90,Mineral,0,248,Operativo,248,Operativo,0,0,245,Otro,0,100,0,0,0,0,394,Desabilitado,-1
1237188,IS5-3310-314,1184488,DLB,1213388,INFIERNILLO 5,-1,,-1,,-1,,-1,,0,0,0,10000000000,0,101100,99946,65535,60,3310.0,65535,269,Banco,90,Mineral,0,248,Operativo,248,Operativo,0,0,245,Otro,0,100,0,0,0,0,394,Desabilitado,-1
1238888,IS5-3310-315,1184488,DLB,1213388,INFIERNILLO 5,-1,,3471908,,-1,,-1,,0,0,0,10000000000,0,100848,99947,27,60,3310.0,65535,269,Banco,90,Mineral,0,248,Operativo,248,Operativo,0,0,245,Otro,0,100,0,0,0,0,394,Desabilitado,-1
1240588,IS5-3310-316,1184488,DLB,1213388,INFIERNILLO 5,-1,,38657236,,-1,,-1,,0,0,0,10000000000,0,100960,99962,28,60,3310.0,65535,269,Banco,90,Mineral,0,248,Operativo,248,Operativo,0,0,245,Otro,0,100,0,0,0,0,394,Desabilitado,-1
1242288,IS5-3310-317,1184488,DLB,1213388,INFIERNILLO 5,-1,,-1,,-1,,-1,,0,0,0,10000000000,0,100908,100102,65535,60,3310.0,65535,269,Banco,90,Mineral,0,248,Operativo,248,Operativo,0,0,245,Otro,0,100,0,0,0,0,394,Desabilitado,-1
1243988,IS5-3310-319,1184488,DLB,1213388,INFIERNILLO 5,-1,,-1,,-1,,-1,,0,0,0,10000000000,0,101105,99977,65535,60,3310.0,65535,269,Banco,90,Mineral,0,248,Operativo,248,Operativo,0,0,245,Otro,0,100,0,0,0,0,394,Desabilitado,-1
1247388,IS5-3310-500,1184488,DLB,1213388,INFIERNILLO 5,-1,,-1,,-1,,-1,,0,0,0,10000000000,0,100827,99568,65535,60,3310.0,65535,269,Banco,90,Mineral,0,248,Operativo,248,Operativo,0,0,245,Otro,0,100,0,0,0,0,394,Desabilitado,-1
1249088,IS5-3310-501,1184488,DLB,1213388,INFIERNILLO 5,-1,,-1,,-1,,-1,,0,0,0,10000000000,0,101290,99562,65535,60,3310.0,65535,269,Banco,90,Mineral,0,248,Operativo,248,Operativo,0,0,245,Otro,0,100,0,0,0,0,394,Desabilitado,-1
1250788,IS5-3310-996,1184488,DLB,1213388,INFIERNILLO 5,-1,,-1,,-1,,-1,,0,0,0,10000000000,0,100987,100282,65535,60,3310.0,65535,269,Banco,90,Mineral,0,248,Operativo,248,Operativo,0,0,245,Otro,0,100,0,0,0,0,394,Desabilitado,-1
1252488,IS5-3325-430,1184488,DLB,1213388,INFIERNILLO 5,-1,,-1,,-1,,-1,,0,0,0,10000000000,0,100905,99595,65535,60,3325.0,65535,269,Banco,90,Mineral,0,248,Operativo,248,Operativo,0,0,245,Otro,0,100,0,0,0,0,394,Desabilitado,-1
1254188,IS6-3790-999,1184488,DLB,1215088,INFIERNILLO 6,-1,,3672284,,-1,,-1,,0,0,0,10000000000,0,100954,98532,29,60,3800.0,65535,269,Banco,90,Mineral,0,248,Operativo,248,Operativo,0,0,245,Otro,0,100,0,0,0,0,394,Desabilitado,-1
1255888,IS6-3850-001,1184488,DLB,1215088,INFIERNILLO 6,-1,,-1,,-1,,-1,,0,0,0,10000000000,0,101306,98661,65535,60,3000.0,65535,269,Banco,90,Mineral,0,248,Operativo,248,Operativo,0,0,245,Otro,0,100,0,0,0,0,394,Desabilitado,-1
1257588,LUBRICENTRO,1184488,DLB,1259288,MINA,-1,,3386900,,-1,,-1,,0,0,0,10000000000,0,100125,100311,30,60,3519.0,1022,270,Taller,90,Mineral,0,248,Operativo,248,Operativo,0,1,243,Combustible,2,100,0,0,0,0,394,Desabilitado,-1
1259288,MINA,1184488,DLB,1259288,MINA,-1,,-1,,47804720,R_MINA,-1,,0,0,0,10000000000,0,0,0,65535,60,0.0,65535,274,Sector,90,Mineral,0,248,Operativo,248,Operativo,0,0,245,Otro,0,100,0,0,0,0,394,Desabilitado,-1
1260988,NDO_3520_TR01,1184488,DLB,1259288,MINA,-1,,3562988,,-1,,-1,,0,0,0,10000000000,0,99304,98842,31,60,3510.0,27,272,Nodo,90,Mineral,0,248,Operativo,248,Operativo,0,0,245,Otro,0,100,0,0,0,39,396,Punto Interm.,-1
1262688,NDO_3520_TR02,1184488,DLB,1259288,MINA,-1,,3569060,,-1,,-1,,0,0,0,10000000000,0,98931,98573,32,60,3530.0,83,272,Nodo,90,Mineral,0,248,Operativo,248,Operativo,0,0,245,Otro,0,100,0,0,0,41,396,Punto Interm.,-1
1264388,NDO_3570_01,1184488,DLB,1259288,MINA,-1,,3778544,,-1,,-1,,0,0,0,10000000000,0,98499,98298,33,60,3570.0,77,272,Nodo,90,Mineral,0,248,Operativo,248,Operativo,0,0,245,Otro,0,100,0,0,0,33,396,Punto Interm.,-1
1266088,NDO_3600_00,1184488,DLB,1259288,MINA,-1,,3814976,,-1,,-1,,0,0,0,10000000000,0,98643,97795,34,60,3600.0,65535,272,Nodo,90,Mineral,0,248,Operativo,248,Operativo,0,0,245,Otro,0,100,0,0,0,0,394,Desabilitado,-1
1267788,NDO_BGAR_05,1184488,DLB,1259288,MINA,-1,,3374756,,-1,,-1,,0,0,0,10000000000,0,99294,99722,35,211,3429.6,65535,272,Nodo,90,Mineral,0,248,Operativo,248,Operativo,0,0,245,Otro,0,100,0,0,0,0,394,Desabilitado,-1
1269488,NDO_BGAR_TR01,1184488,DLB,1259288,MINA,-1,,3429404,,-1,,-1,,0,0,0,10000000000,0,100095,100243,36,60,3516.5,63,272,Nodo,90,Mineral,0,248,Operativo,248,Operativo,0,0,245,Otro,0,100,0,0,0,20,396,Punto Interm.,-1
1271188,NDO_BGAR_TR02,1184488,DLB,1259288,MINA,-1,,3529592,,-1,,-1,,0,0,0,10000000000,0,99950,100325,37,60,3509.0,65535,272,Nodo,90,Mineral,0,248,Operativo,248,Operativo,0,0,245,Otro,0,100,0,0,0,0,394,Desabilitado,-1
1272888,NDO_BGAR_TR03,1184488,DLB,1259288,MINA,-1,,3532628,,-1,,-1,,0,0,0,10000000000,0,99757,100313,38,60,3490.0,5,272,Nodo,90,Mineral,0,248,Operativo,248,Operativo,0,0,245,Otro,0,100,0,0,0,34,396,Punto Interm.,-1
1274588,NDO_BGAR_TR04,1184488,DLB,1259288,MINA,-1,,3535664,,-1,,-1,,0,0,0,10000000000,0,99552,99998,39,60,3460.0,207,272,Nodo,90,Mineral,0,248,Operativo,248,Operativo,0,1,245,Otro,0,100,0,0,0,50,396,Punto Interm.,-1
1276288,NDO_BGAR_TR06,1184488,DLB,1259288,MINA,-1,,3371720,,-1,,-1,,0,0,0,10000000000,0,99198,99548,40,60,3420.0,65535,272,Nodo,90,Mineral,0,248,Operativo,248,Operativo,0,0,245,Otro,0,100,0,0,0,0,394,Desabilitado,-1
1277988,NDO_BGAR_TR07,1184488,DLB,1259288,MINA,-1,,3538700,,-1,,-1,,0,0,0,10000000000,0,99199,99366,41,61,3408.0,208,272,Nodo,90,Mineral,0,248,Operativo,248,Operativo,0,0,245,Otro,0,100,0,0,0,35,396,Punto Interm.,-1
1279688,NDO_BGAR_TR08,1184488,DLB,1259288,MINA,-1,,3541736,,-1,,-1,,0,0,0,10000000000,0,99211,99184,42,60,3398.0,65535,272,Nodo,90,Mineral,0,248,Operativo,248,Operativo,0,0,245,Otro,0,100,0,0,0,0,394,Desabilitado,-1
1281388,NDO_BGAR_TR09,1184488,DLB,1259288,MINA,-1,,3544772,,-1,,-1,,0,0,0,10000000000,0,99210,99102,43,60,3405.0,65535,272,Nodo,90,Mineral,0,248,Operativo,248,Operativo,0,0,245,Otro,0,100,0,0,0,0,394,Desabilitado,-1
1283088,NDO_D02_TR01,1184488,DLB,1186188,DONOSO 2,-1,,3402080,,-1,,-1,,0,0,0,10000000000,0,99899,100709,44,60,3580.0,100,272,Nodo,90,Mineral,0,248,Operativo,248,Operativo,0,0,245,Otro,0,100,0,0,0,33,396,Punto Interm.,-1
1284788,NDO_D02_TR02,1184488,DLB,1186188,DONOSO 2,-1,,3405116,,-1,,-1,,0,0,0,10000000000,0,100301,100827,45,60,3610.0,65535,272,Nodo,90,Mineral,0,248,Operativo,248,Operativo,0,0,245,Otro,0,100,0,0,0,0,394,Desabilitado,-1
1286488,NDO_D02_TR03,1184488,DLB,1186188,DONOSO 2,-1,,3408152,,-1,,-1,,0,0,0,10000000000,0,100464,100912,46,60,3620.0,65535,272,Nodo,90,Mineral,0,248,Operativo,248,Operativo,0,0,245,Otro,0,100,0,0,0,0,394,Desabilitado,-1
1288188,NDO_D02_TR04,1184488,DLB,1186188,DONOSO 2,-1,,3411188,,-1,,-1,,0,0,0,10000000000,0,100726,100931,47,60,3636.0,65535,272,Nodo,90,Mineral,0,248,Operativo,248,Operativo,0,1,245,Otro,0,100,0,0,0,0,394,Desabilitado,-1
1289888,NDO_D02_TR05,1184488,DLB,1186188,DONOSO 2,-1,,3414224,,-1,,-1,,0,0,0,10000000000,0,100850,100877,48,60,3645.0,40,272,Nodo,90,Mineral,0,248,Operativo,248,Operativo,0,0,245,Otro,0,100,0,0,0,32,396,Punto Interm.,-1
1291588,NDO_D02_TR06,1184488,DLB,1186188,DONOSO 2,-1,,3417260,,-1,,-1,,0,0,0,10000000000,0,100654,101063,49,60,3662.0,65535,272,Nodo,90,Mineral,0,248,Operativo,248,Operativo,0,1,245,Otro,0,100,0,0,0,0,394,Desabilitado,-1
1294988,NDO_D02_TR08,1184488,DLB,1186188,DONOSO 2,-1,,3423332,,-1,,-1,,0,0,0,10000000000,0,100957,100874,50,60,3697.0,19,272,Nodo,90,Mineral,0,248,Operativo,248,Operativo,0,1,245,Otro,0,100,0,0,0,50,396,Punto Interm.,-1
1296688,NDO_D02_TR09,1184488,DLB,1186188,DONOSO 2,-1,,3426368,,-1,,-1,,0,0,0,10000000000,0,100855,101116,51,60,3723.0,65535,272,Nodo,90,Mineral,0,248,Operativo,248,Operativo,0,0,245,Otro,0,100,0,0,0,0,394,Desabilitado,-1
1298388,NDO_D02_TR12,1184488,DLB,1186188,DONOSO 2,-1,,3711752,,-1,,-1,,0,0,0,10000000000,0,100977,100567,52,60,3668.0,65535,272,Nodo,90,Mineral,0,248,Operativo,248,Operativo,0,0,245,Otro,0,100,0,0,0,0,394,Desabilitado,-1
1301788,NDO_D02_TR17,1184488,DLB,1186188,DONOSO 2,-1,,3593348,,-1,,-1,,0,0,0,10000000000,0,101459,101046,53,60,3821.0,65535,272,Nodo,90,Mineral,0,248,Operativo,248,Operativo,0,0,245,Otro,0,100,0,0,0,0,394,Desabilitado,-1
1303488,NDO_D02_TR18,1184488,DLB,1186188,DONOSO 2,-1,,3608528,,-1,,-1,,0,0,0,10000000000,0,101402,101276,54,60,3837.0,23,272,Nodo,90,Mineral,0,248,Operativo,248,Operativo,0,0,245,Otro,0,100,0,0,0,50,396,Punto Interm.,-1
1305188,NDO_D02_TR19,1184488,DLB,1186188,DONOSO 2,-1,,3599420,,-1,,-1,,0,0,0,10000000000,0,101227,101478,55,60,3860.0,88,272,Nodo,90,Mineral,0,248,Operativo,248,Operativo,0,0,245,Otro,0,100,0,0,0,50,396,Punto Interm.,-1
1306888,NDO_D02_TR20,1184488,DLB,1186188,DONOSO 2,-1,,3684428,,-1,,-1,,0,0,0,10000000000,0,101310,101092,56,60,3806.0,65535,272,Nodo,90,Mineral,0,248,Operativo,248,Operativo,0,0,245,Otro,0,100,0,0,0,0,394,Desabilitado,-1
1308588,NDO_D02_TR21,1184488,DLB,1186188,DONOSO 2,-1,,3733004,,-1,,-1,,0,0,0,10000000000,0,101219,100947,57,60,3733.0,94,272,Nodo,90,Mineral,0,248,Operativo,248,Operativo,0,0,245,Otro,0,100,0,0,0,27,396,Punto Interm.,-1
1311988,NDO_D02_TR23,1184488,DLB,1186188,DONOSO 2,-1,,3714788,,-1,,-1,,0,0,0,10000000000,0,101116,101092,58,60,3750.0,65535,272,Nodo,90,Mineral,0,248,Operativo,248,Operativo,0,0,245,Otro,0,100,0,0,0,0,394,Desabilitado,-1
1313688,NDO_D02_TR24,1184488,DLB,1186188,DONOSO 2,-1,,3696572,,-1,,-1,,0,0,0,10000000000,0,100895,101265,59,60,3770.0,24,272,Nodo,90,Mineral,0,248,Operativo,248,Operativo,0,0,245,Otro,0,100,0,0,0,50,396,Punto Interm.,-1
1317088,NDO_INF06_TR00,1184488,DLB,1215088,INFIERNILLO 6,-1,,3632816,,-1,,-1,,0,0,0,10000000000,0,99992,98406,60,60,3700.0,98,272,Nodo,90,Mineral,0,248,Operativo,248,Operativo,0,0,245,Otro,0,100,0,0,0,40,396,Punto Interm.,-1
1318788,NDO_INF06_TR01,1184488,DLB,1215088,INFIERNILLO 6,-1,,3614600,,-1,,-1,,0,0,0,10000000000,0,101122,98603,61,60,3800.0,107,272,Nodo,90,Mineral,0,248,Operativo,248,Operativo,0,0,245,Otro,0,100,0,0,0,30,396,Punto Interm.,-1
1320488,NDO_INF06_TR02,1184488,DLB,1215088,INFIERNILLO 6,-1,,3617636,,-1,,-1,,0,0,0,10000000000,0,100546,98206,62,60,3880.0,102,272,Nodo,90,Mineral,0,248,Operativo,248,Operativo,0,0,245,Otro,0,100,0,0,0,50,396,Punto Interm.,-1
1322188,NDO_INF06_TR03,1184488,DLB,1215088,INFIERNILLO 6,-1,,3620672,,-1,,-1,,0,0,0,10000000000,0,100985,98177,63,60,3892.0,81,272,Nodo,90,Mineral,0,248,Operativo,248,Operativo,0,0,245,Otro,0,100,0,0,0,26,396,Punto Interm.,-1
1323888,NDO_INF06_TR04,1184488,DLB,1215088,INFIERNILLO 6,-1,,3623708,,-1,,-1,,0,0,0,10000000000,0,101183,98141,64,60,3925.0,18,272,Nodo,90,Mineral,0,248,Operativo,248,Operativo,0,0,245,Otro,0,100,0,0,0,50,396,Punto Interm.,-1
1325588,NDO_INF06_TR05,1184488,DLB,1215088,INFIERNILLO 6,-1,,3626744,,-1,,-1,,0,0,0,10000000000,0,101534,99079,65,60,3930.0,103,272,Nodo,90,Mineral,0,248,Operativo,248,Operativo,0,0,245,Otro,0,100,0,0,0,46,396,Punto Interm.,-1
1327288,NDO_INF06_TR06,1184488,DLB,1215088,INFIERNILLO 6,-1,,3635852,,-1,,-1,,0,0,0,10000000000,0,101595,99271,66,60,3950.0,65535,272,Nodo,90,Mineral,0,248,Operativo,248,Operativo,0,0,245,Otro,0,100,0,0,0,0,394,Desabilitado,-1
1328988,NDO_INF06_TR07,1184488,DLB,1215088,INFIERNILLO 6,-1,,3638888,,-1,,-1,,0,0,0,10000000000,0,100841,98048,67,60,3908.0,65535,272,Nodo,90,Mineral,0,248,Operativo,248,Operativo,0,0,245,Otro,0,100,0,0,0,0,394,Desabilitado,-1
1330688,NDO_INF06_TR08,1184488,DLB,1215088,INFIERNILLO 6,-1,,3651032,,-1,,-1,,0,0,0,10000000000,0,101427,98612,68,60,3960.0,111,272,Nodo,90,Mineral,0,248,Operativo,248,Operativo,0,0,245,Otro,0,100,0,0,0,40,396,Punto Interm.,-1
1332388,NDO_INF5_08,1184488,DLB,1213388,INFIERNILLO 5,-1,,-1,,-1,,-1,,0,0,0,10000000000,0,100824,99303,65535,60,3305.0,65535,272,Nodo,90,Mineral,0,248,Operativo,248,Operativo,0,0,245,Otro,0,100,0,0,0,0,394,Desabilitado,-1
1334088,NDO_INF5_10,1184488,DLB,1213388,INFIERNILLO 5,-1,,3760328,,-1,,-1,,0,0,0,10000000000,0,100956,99539,69,60,3325.0,21,272,Nodo,90,Mineral,0,248,Operativo,248,Operativo,0,1,245,Otro,0,100,0,0,0,36,396,Punto Interm.,-1
1335788,NDO_INF5_12,1184488,DLB,1213388,INFIERNILLO 5,-1,,-1,,-1,,-1,,0,0,0,10000000000,0,100734,99379,65535,60,3300.0,65535,269,Banco,90,Mineral,0,248,Operativo,248,Operativo,0,0,245,Otro,0,100,0,0,0,0,394,Desabilitado,-1
1337488,NDO_INF5_13,1184488,DLB,1213388,INFIERNILLO 5,-1,,-1,,-1,,-1,,0,0,0,10000000000,0,100898,99399,65535,60,3310.0,65535,272,Nodo,90,Mineral,0,248,Operativo,248,Operativo,0,0,245,Otro,0,100,0,0,0,0,394,Desabilitado,-1
1340888,NDO_INF5_15,1184488,DLB,1213388,INFIERNILLO 5,-1,,33582420,,-1,,-1,,0,0,0,10000000000,0,100781,100011,70,60,3310.0,65535,272,Nodo,90,Mineral,0,248,Operativo,248,Operativo,0,0,245,Otro,0,100,0,0,0,0,394,Desabilitado,-1
1342588,NDO_INF5_TR13,1184488,DLB,1213388,INFIERNILLO 5,-1,,3666212,,-1,,-1,,0,0,0,10000000000,0,100889,99021,71,60,3370.0,76,272,Nodo,90,Mineral,0,248,Operativo,248,Operativo,0,0,245,Otro,0,100,0,0,0,45,396,Punto Interm.,-1
1344288,NDO_INF5_TR20,1184488,DLB,1213388,INFIERNILLO 5,-1,,3720860,,-1,,-1,,0,0,0,10000000000,0,100957,99350,72,60,3340.0,11,272,Nodo,90,Mineral,0,248,Operativo,248,Operativo,0,0,245,Otro,0,100,0,0,0,35,396,Punto Interm.,-1
1345988,NDO_INF7_TR01,1184488,DLB,1216788,INFIERNILLO 7A,-1,,3566024,,-1,,-1,,0,0,0,10000000000,0,100066,98883,73,60,3440.0,65535,272,Nodo,90,Mineral,0,248,Operativo,248,Operativo,0,0,245,Otro,0,100,0,0,0,0,394,Desabilitado,-1
1347688,NDO_INF7_TR02,1184488,DLB,1216788,INFIERNILLO 7A,-1,,3477980,,-1,,-1,,0,0,0,10000000000,0,100350,98866,74,60,3418.0,34,272,Nodo,90,Mineral,0,248,Operativo,248,Operativo,0,1,245,Otro,0,100,0,0,0,30,396,Punto Interm.,-1
1349388,NDO_INF7_TR05,1184488,DLB,1216788,INFIERNILLO 7A,-1,,3787652,,-1,,-1,,0,0,0,10000000000,0,100092,99007,75,60,3360.0,113,272,Nodo,90,Mineral,0,248,Operativo,248,Operativo,0,0,245,Otro,0,100,0,0,0,36,396,Punto Interm.,-1
1351088,NDO_INF7_TR06,1184488,DLB,1216788,INFIERNILLO 7A,-1,,3465836,,-1,,-1,,0,0,0,10000000000,0,100252,99468,76,60,3295.0,116,272,Nodo,90,Mineral,0,248,Operativo,248,Operativo,0,0,245,Otro,0,100,0,0,0,36,396,Punto Interm.,-1
1352788,NDO_INF7_TR07,1184488,DLB,1216788,INFIERNILLO 7A,-1,,3790688,,-1,,-1,,0,0,0,10000000000,0,99934,99234,77,60,3330.0,114,272,Nodo,90,Mineral,0,248,Operativo,248,Operativo,0,0,245,Otro,0,100,0,0,0,45,396,Punto Interm.,-1
1354488,NDO_INF7_TR08,1184488,DLB,1216788,INFIERNILLO 7A,-1,,3808904,,-1,,-1,,0,0,0,10000000000,0,100505,99745,78,60,3270.0,118,272,Nodo,90,Mineral,0,248,Operativo,248,Operativo,0,1,245,Otro,0,100,0,0,0,50,396,Punto Interm.,-1
1356188,NDO_INF7_TR09,1184488,DLB,1216788,INFIERNILLO 7A,-1,,3811940,,-1,,-1,,0,0,0,10000000000,0,100254,99334,79,60,3240.0,65535,272,Nodo,90,Mineral,0,248,Operativo,248,Operativo,0,0,245,Otro,0,100,0,0,0,0,394,Desabilitado,-1
1357888,NDO_INF7_TR11,1184488,DLB,1216788,INFIERNILLO 7A,-1,,3833192,,-1,,-1,,0,0,0,10000000000,0,100413,99211,80,60,3200.0,65535,272,Nodo,90,Mineral,0,248,Operativo,248,Operativo,0,0,245,Otro,0,100,0,0,0,30,394,Desabilitado,-1
1359588,NDO_INF7_TR12,1184488,DLB,1216788,INFIERNILLO 7A,-1,,3654068,,-1,,-1,,0,0,0,10000000000,0,100637,98846,81,60,3395.0,61,272,Nodo,90,Mineral,0,248,Operativo,248,Operativo,0,0,245,Otro,0,100,0,0,0,68,396,Punto Interm.,-1
1361288,NDO_LUB_TR01,1184488,DLB,1259288,MINA,-1,,3450656,,-1,,-1,,0,0,0,10000000000,0,100090,100300,82,60,3518.7,65535,272,Nodo,90,Mineral,0,248,Operativo,248,Operativo,0,0,245,Otro,0,100,0,0,0,0,394,Desabilitado,-1
1362988,NDO_LUB_TR02,1184488,DLB,1259288,MINA,-1,,3432440,,-1,,-1,,0,0,0,10000000000,0,100061,100365,83,60,3520.9,65535,272,Nodo,90,Mineral,0,248,Operativo,248,Operativo,0,0,245,Otro,0,100,0,0,0,0,394,Desabilitado,-1
1364688,NDO_LUB_TR03,1184488,DLB,1259288,MINA,-1,,3441548,,-1,,-1,,0,0,0,10000000000,0,100080,100413,84,60,3524.0,84,272,Nodo,90,Mineral,0,248,Operativo,248,Operativo,0,0,245,Otro,0,100,0,0,0,47,396,Punto Interm.,-1
1366388,NDO_LUB_TR04,1184488,DLB,1259288,MINA,-1,,3435476,,-1,,-1,,0,0,0,10000000000,0,100120,100378,85,60,3520.0,65535,272,Nodo,90,Mineral,0,248,Operativo,248,Operativo,0,0,245,Otro,0,100,0,0,0,0,394,Desabilitado,-1
1368088,NDO_LUB_TR05,1184488,DLB,1259288,MINA,-1,,3438512,,-1,,-1,,0,0,0,10000000000,0,100156,100341,86,60,3519.0,65535,272,Nodo,90,Mineral,0,248,Operativo,248,Operativo,0,0,245,Otro,0,100,0,0,0,0,394,Desabilitado,-1
1369788,NDO_LUB_TR06,1184488,DLB,1259288,MINA,-1,,3581204,,-1,,-1,,0,0,0,10000000000,0,100181,100311,87,60,3518.0,65535,272,Nodo,90,Mineral,0,248,Operativo,248,Operativo,0,0,245,Otro,0,100,0,0,0,0,394,Desabilitado,-1
1371488,NDO_MASMIL_TR01,1184488,DLB,1259288,MINA,-1,,3481016,,-1,,-1,,0,0,0,10000000000,0,99821,98983,88,60,3430.0,65535,272,Nodo,90,Mineral,0,248,Operativo,248,Operativo,0,0,245,Otro,0,100,0,0,0,0,394,Desabilitado,-1
1373188,NDO_MASMIL_TR02,1184488,DLB,1259288,MINA,-1,,3484052,,-1,,-1,,0,0,0,10000000000,0,99945,99423,89,60,3450.0,8,272,Nodo,90,Mineral,0,248,Operativo,248,Operativo,0,0,245,Otro,0,100,0,0,0,43,396,Punto Interm.,-1
1374888,NDO_MASMIL_TR03,1184488,DLB,1259288,MINA,-1,,3763364,,-1,,-1,,0,0,0,10000000000,0,100193,99754,90,60,3479.9,20,272,Nodo,90,Mineral,0,248,Operativo,248,Operativo,0,0,245,Otro,0,100,0,0,0,40,396,Punto Interm.,-1
1376588,NDO_MASMIL_TR06,1184488,DLB,1259288,MINA,-1,,3681392,,-1,,-1,,0,0,0,10000000000,0,99679,99165,91,60,3430.0,64,272,Nodo,90,Mineral,0,248,Operativo,248,Operativo,0,1,245,Otro,0,100,0,0,0,50,396,Punto Interm.,-1
1378288,NDO_PRIM1_TR02,1184488,DLB,1259288,MINA,-1,,3399044,,-1,,-1,,0,0,0,10000000000,0,100203,100251,92,60,3518.0,65535,272,Nodo,90,Mineral,0,248,Operativo,248,Operativo,0,0,245,Otro,0,100,0,0,0,0,394,Desabilitado,-1
1379988,NDO_PRIM1_TR03,1184488,DLB,1259288,MINA,-1,,3389936,,-1,,-1,,0,0,0,10000000000,0,100185,100282,93,60,3518.0,65535,272,Nodo,90,Mineral,0,248,Operativo,248,Operativo,0,1,245,Otro,0,100,0,0,0,0,394,Desabilitado,-1
1381688,NDO_PRIM1_TR10,1184488,DLB,1259288,MINA,-1,,3644960,,-1,,-1,,0,0,0,10000000000,0,100262,100066,94,60,3518.0,65535,272,Nodo,90,Mineral,0,248,Operativo,248,Operativo,0,0,245,Otro,0,100,0,0,0,0,394,Desabilitado,-1
1383388,NDO_PRIM1_TR11,1184488,DLB,1259288,MINA,-1,,3641924,,-1,,-1,,0,0,0,10000000000,0,100175,100130,95,60,3518.0,65535,272,Nodo,90,Mineral,0,248,Operativo,248,Operativo,0,0,245,Otro,0,100,0,0,0,0,394,Desabilitado,-1
1385088,NDO_PRIM1_TR13,1184488,DLB,1259288,MINA,-1,,3647996,,-1,,-1,,0,0,0,10000000000,0,100255,100182,96,60,3518.0,65535,272,Nodo,90,Mineral,0,248,Operativo,248,Operativo,0,0,245,Otro,0,100,0,0,0,0,394,Desabilitado,-1
1386788,NDO_PRIM1_TR20,1184488,DLB,1259288,MINA,-1,,3657104,,-1,,-1,,0,0,0,10000000000,0,100099,100209,97,60,3518.0,65535,272,Nodo,90,Mineral,0,248,Operativo,248,Operativo,0,0,245,Otro,0,100,0,0,0,0,394,Desabilitado,-1
1388488,NDO_PRIM2_TR01,1184488,DLB,1259288,MINA,-1,,3392972,,-1,,-1,,0,0,0,10000000000,0,100319,100119,98,60,3516.0,65535,272,Nodo,90,Mineral,0,248,Operativo,248,Operativo,0,0,245,Otro,0,100,0,0,0,0,394,Desabilitado,-1
1390188,NDO_PRIM2_TR02,1184488,DLB,1259288,MINA,-1,,3487088,,-1,,-1,,0,0,0,10000000000,0,100286,100143,99,60,3517.9,90,272,Nodo,90,Mineral,0,248,Operativo,248,Operativo,0,0,245,Otro,0,100,0,0,0,0,394,Desabilitado,-1
1391888,NDO_SFCO_TR00,1184488,DLB,1259288,MINA,-1,,3526556,,-1,,-1,,0,0,0,10000000000,0,99586,98995,100,60,3485.0,16,272,Nodo,90,Mineral,0,248,Operativo,248,Operativo,0,1,245,Otro,0,100,0,0,0,50,396,Punto Interm.,-1
1393588,NDO_SFCO_TR01,1184488,DLB,1259288,MINA,-1,,3468872,,-1,,-1,,0,0,0,10000000000,0,98772,98253,101,60,3557.7,72,272,Nodo,90,Mineral,0,248,Operativo,248,Operativo,0,0,245,Otro,0,100,0,0,0,40,396,Punto Interm.,-1
1395288,NDO_SFCO_TR03,1184488,DLB,1259288,MINA,-1,,3547808,,-1,,-1,,0,0,0,10000000000,0,99105,98481,102,60,3595.0,65535,272,Nodo,90,Mineral,0,248,Operativo,248,Operativo,0,0,245,Otro,0,100,0,0,0,0,394,Desabilitado,-1
1396988,NDO_SFCO_TR04,1184488,DLB,1259288,MINA,-1,,3578168,,-1,,-1,,0,0,0,10000000000,0,99149,98405,103,60,3603.0,122,272,Nodo,90,Mineral,0,248,Operativo,248,Operativo,0,1,245,Otro,0,100,0,0,0,50,396,Punto Interm.,-1
1398688,NDO_SFCO_TR05,1184488,DLB,1259288,MINA,-1,,3474944,,-1,,-1,,0,0,0,10000000000,0,99170,98133,104,60,3626.0,85,272,Nodo,90,Mineral,0,248,Operativo,248,Operativo,0,0,245,Otro,0,100,0,0,0,50,396,Punto Interm.,-1
1400388,NDO_SFCO_TR11,1184488,DLB,1259288,MINA,-1,,3745148,,-1,,-1,,0,0,0,10000000000,0,98875,97971,105,60,3600.0,65535,272,Nodo,90,Mineral,0,248,Operativo,248,Operativo,0,0,245,Otro,0,100,0,0,0,0,394,Desabilitado,-1
1402088,NDO_SFCO_TR12,1184488,DLB,1259288,MINA,-1,,3723896,,-1,,-1,,0,0,0,10000000000,0,98754,98300,106,60,3557.0,65535,272,Nodo,90,Mineral,0,248,Operativo,248,Operativo,0,0,245,Otro,0,100,0,0,0,0,394,Desabilitado,-1
1403788,NDO_STK3600_TR01,1184488,DLB,1259288,MINA,-1,,3383864,,-1,,-1,,0,0,0,10000000000,0,99373,98155,107,60,3645.0,65535,272,Nodo,90,Mineral,0,248,Operativo,248,Operativo,0,0,245,Otro,0,100,0,0,0,0,394,Desabilitado,-1
1405488,NDO_STK3600_TR02,1184488,DLB,1259288,MINA,-1,,3377792,,-1,,-1,,0,0,0,10000000000,0,99207,98008,108,60,3640.0,86,272,Nodo,90,Mineral,0,248,Operativo,248,Operativo,0,0,245,Otro,0,100,0,0,0,30,396,Punto Interm.,-1
1407188,NDO_STKDON_TR01,1184488,DLB,1259288,MINA,-1,,3444584,,-1,,-1,,0,0,0,10000000000,0,100048,100438,109,60,3525.0,65535,272,Nodo,90,Mineral,0,248,Operativo,248,Operativo,0,0,245,Otro,0,100,0,0,0,0,394,Desabilitado,-1
1408888,NDO_INF7_TR13,1184488,DLB,1216788,INFIERNILLO 7A,-1,,-1,,-1,,-1,,0,0,0,10000000000,0,100205,99260,65535,60,3233.0,65535,272,Nodo,90,Mineral,0,248,Operativo,248,Operativo,0,0,245,Otro,0,100,0,0,0,0,394,Desabilitado,-1
1410588,NDO_STKDON_TR03,1184488,DLB,1259288,MINA,-1,,3396008,,-1,,-1,,0,0,0,10000000000,0,99849,100530,110,60,3545.0,65,272,Nodo,90,Mineral,0,248,Operativo,248,Operativo,0,1,245,Otro,0,100,0,0,0,27,396,Punto Interm.,-1
1412288,NDO-3475-05,1184488,DLB,1259288,MINA,-1,,3453692,,-1,,-1,,0,0,0,10000000000,0,97508,97927,111,60,3425.0,38,272,Nodo,90,Mineral,0,248,Operativo,248,Operativo,0,0,245,Otro,0,100,0,0,0,50,396,Punto Interm.,-1
1413988,NDO-3475-07,1184488,DLB,1259288,MINA,-1,,3456728,,-1,,-1,,0,0,0,10000000000,0,97767,97388,112,60,3382.0,3475,272,Nodo,90,Mineral,0,248,Operativo,248,Operativo,0,0,245,Otro,0,100,0,0,0,50,396,Punto Interm.,-1
1415688,NDO-3475-08,1184488,DLB,1259288,MINA,-1,,3459764,,-1,,-1,,0,0,0,10000000000,0,97852,97112,113,60,3362.4,82,272,Nodo,90,Mineral,0,248,Operativo,248,Operativo,0,0,245,Otro,0,100,0,0,0,50,396,Punto Interm.,-1
1417388,NDO-3475-6,1184488,DLB,1259288,MINA,-1,,3462800,,-1,,-1,,0,0,0,10000000000,0,98011,97376,114,60,3475.0,52,272,Nodo,90,Mineral,0,248,Operativo,248,Operativo,0,0,245,Otro,0,100,0,0,0,50,396,Punto Interm.,-1
1419088,NDO-3505-11,1184488,DLB,1259288,MINA,-1,,3784616,,-1,,-1,,0,0,0,10000000000,0,98088,97411,115,60,3500.0,65535,272,Nodo,90,Mineral,0,248,Operativo,248,Operativo,0,0,245,Otro,0,100,0,0,0,0,394,Desabilitado,-1
1420788,NDO-3505-5,1184488,DLB,1259288,MINA,-1,,3596384,,-1,,-1,,0,0,0,10000000000,0,98217,97365,116,60,3492.0,65535,272,Nodo,90,Mineral,0,248,Operativo,248,Operativo,0,0,245,Otro,0,100,0,0,0,0,394,Desabilitado,-1
1424188,NDO-3535-03,1184488,DLB,1259288,MINA,-1,,3660140,,-1,,-1,,0,0,0,10000000000,0,98212,98242,117,60,3530.0,51,272,Nodo,90,Mineral,0,248,Operativo,248,Operativo,0,0,245,Otro,0,100,0,0,0,28,396,Punto Interm.,-1
1425888,NDO-3535-06,1184488,DLB,1259288,MINA,-1,,3705680,,-1,,-1,,0,0,0,10000000000,0,98257,98546,118,60,3510.0,55,272,Nodo,90,Mineral,0,248,Operativo,248,Operativo,0,0,245,Otro,0,100,0,0,0,30,396,Punto Interm.,-1
1427588,NDO-3535-07,1184488,DLB,1259288,MINA,-1,,3736040,,-1,,-1,,0,0,0,10000000000,0,98368,98025,119,60,3535.0,65535,272,Nodo,90,Mineral,0,248,Operativo,248,Operativo,0,0,245,Otro,0,100,0,0,0,0,394,Desabilitado,-1
1429288,NDO-3535-09,1184488,DLB,1259288,MINA,-1,,3726932,,-1,,-1,,0,0,0,10000000000,0,97855,98165,120,60,3535.0,56,272,Nodo,90,Mineral,0,248,Operativo,248,Operativo,0,0,245,Otro,0,100,0,0,0,40,396,Punto Interm.,-1
1430988,NDO_BGAR_TR11,1184488,DLB,1259288,MINA,-1,,3766400,,-1,,-1,,0,0,0,10000000000,0,98543,98827,121,60,3480.0,42,272,Nodo,90,Mineral,0,248,Operativo,248,Operativo,0,1,245,Otro,0,100,0,0,0,50,396,Punto Interm.,-1
1432688,NDO_BGAR_TR10,1184488,DLB,1259288,MINA,-1,,3775508,,-1,,-1,,0,0,0,10000000000,0,98952,98897,122,60,3435.0,65535,272,Nodo,90,Mineral,0,248,Operativo,248,Operativo,0,0,245,Otro,0,100,0,0,0,0,394,Desabilitado,-1
1434388,NDO-3535-16,1184488,DLB,1259288,MINA,-1,,3748184,,-1,,-1,,0,0,0,10000000000,0,98197,97959,123,60,3535.0,65535,272,Nodo,90,Mineral,0,248,Operativo,248,Operativo,0,0,245,Otro,0,100,0,0,0,0,394,Desabilitado,-1
1436088,NDO-3535-17,1184488,DLB,1259288,MINA,-1,,3751220,,-1,,-1,,0,0,0,10000000000,0,97904,97877,124,60,3535.0,28,272,Nodo,90,Mineral,0,248,Operativo,248,Operativo,0,1,245,Otro,0,100,0,0,0,20,396,Punto Interm.,-1
1437788,NDO-3535-18,1184488,DLB,1259288,MINA,-1,,3754256,,-1,,-1,,0,0,0,10000000000,0,98184,98434,125,60,3520.0,65535,272,Nodo,90,Mineral,0,248,Operativo,248,Operativo,0,0,245,Otro,0,100,0,0,0,0,394,Desabilitado,-1
1439488,NDO-3535-19,1184488,DLB,1259288,MINA,-1,,3757292,,-1,,-1,,0,0,0,10000000000,0,98188,98371,126,60,3520.0,65535,272,Nodo,90,Mineral,0,248,Operativo,248,Operativo,0,0,245,Otro,0,100,0,0,0,0,394,Desabilitado,-1
1442888,NDO-3590-01,1184488,DLB,1259288,MINA,-1,,3769436,,-1,,-1,,0,0,0,10000000000,0,98626,97925,127,60,3590.0,92,272,Nodo,90,Mineral,0,248,Operativo,248,Operativo,0,0,245,Otro,0,100,0,0,0,35,396,Punto Interm.,-1
1444588,NDO-PRISMA 10,1184488,DLB,1259288,MINA,-1,,3490124,,-1,,-1,,0,0,0,10000000000,0,97240,97226,128,60,3177.0,65535,272,Nodo,90,Mineral,0,248,Operativo,248,Operativo,0,0,245,Otro,0,100,0,0,0,0,394,Desabilitado,-1
1446288,NDO-PRISMA 10.2,1184488,DLB,1259288,MINA,-1,,3493160,,-1,,-1,,0,0,0,10000000000,0,97324,97014,129,60,3163.5,65535,272,Nodo,90,Mineral,0,248,Operativo,248,Operativo,0,0,245,Otro,0,100,0,0,0,0,394,Desabilitado,-1
1447988,NDO-PRISMA 11,1184488,DLB,1259288,MINA,-1,,3496196,,-1,,-1,,0,0,0,10000000000,0,97184,97154,130,60,3148.0,65535,272,Nodo,90,Mineral,0,248,Operativo,248,Operativo,0,0,245,Otro,0,100,0,0,0,0,394,Desabilitado,-1
1449688,NDO-PRISMA 12,1184488,DLB,1259288,MINA,-1,,3839264,,-1,,-1,,0,0,0,10000000000,0,96803,97545,131,60,3285.0,65535,272,Nodo,90,Mineral,0,248,Operativo,248,Operativo,0,0,245,Otro,0,100,0,0,0,0,394,Desabilitado,-1
1451388,NDO-PRISMA 13,1184488,DLB,1259288,MINA,-1,,3499232,,-1,,-1,,0,0,0,10000000000,0,97029,96947,132,60,3128.2,917,272,Nodo,90,Mineral,0,248,Operativo,248,Operativo,0,0,245,Otro,0,100,0,0,0,38,396,Punto Interm.,-1
1453088,NDO-PRISMA 13.1,1184488,DLB,1259288,MINA,-1,,3502268,,-1,,-1,,0,0,0,10000000000,0,96965,97097,133,60,3115.0,65535,272,Nodo,90,Mineral,0,248,Operativo,248,Operativo,0,0,245,Otro,0,100,0,0,0,0,394,Desabilitado,-1
1454788,NDO-PRISMA 14,1184488,DLB,1259288,MINA,-1,,3505304,,-1,,-1,,0,0,0,10000000000,0,96860,97217,134,60,3098.0,65535,272,Nodo,90,Mineral,0,248,Operativo,248,Operativo,0,0,245,Otro,0,100,0,0,0,0,394,Desabilitado,-1
1456488,NDO-PRISMA 15,1184488,DLB,1259288,MINA,-1,,3508340,,-1,,-1,,0,0,0,10000000000,0,96766,96961,135,60,3076.6,2236,272,Nodo,90,Mineral,0,248,Operativo,248,Operativo,0,0,245,Otro,0,100,0,0,0,37,396,Punto Interm.,-1
1458188,NDO-PRISMA 3,1184488,DLB,1259288,MINA,-1,,3511376,,-1,,-1,,0,0,0,10000000000,0,97441,97529,136,60,3310.0,29,272,Nodo,90,Mineral,0,248,Operativo,248,Operativo,0,0,245,Otro,0,100,0,0,0,50,396,Punto Interm.,-1
1459888,NDO-PRISMA 4,1184488,DLB,1259288,MINA,-1,,3514412,,-1,,-1,,0,0,0,10000000000,0,97204,97644,137,60,3289.0,65535,272,Nodo,90,Mineral,0,248,Operativo,248,Operativo,0,0,245,Otro,0,100,0,0,0,0,394,Desabilitado,-1
1461588,NDO-PRISMA 5,1184488,DLB,1259288,MINA,-1,,3517448,,-1,,-1,,0,0,0,10000000000,0,97318,97496,138,60,3270.0,916,272,Nodo,90,Mineral,0,248,Operativo,248,Operativo,0,0,245,Otro,0,100,0,0,0,50,396,Punto Interm.,-1
1463288,NDO-PRISMA 7,1184488,DLB,1259288,MINA,-1,,3520484,,-1,,-1,,0,0,0,10000000000,0,97497,97138,139,60,3234.7,2023,272,Nodo,90,Mineral,0,248,Operativo,248,Operativo,0,0,245,Otro,0,100,0,0,0,50,396,Punto Interm.,-1
1464988,NDO-PRISMA 9,1184488,DLB,1259288,MINA,-1,,3523520,,-1,,-1,,0,0,0,10000000000,0,97163,97401,140,60,3195.3,65535,272,Nodo,90,Mineral,0,248,Operativo,248,Operativo,0,0,245,Otro,0,100,0,0,0,0,394,Desabilitado,-1
1466688,NDP_INF5_11,1184488,DLB,1213388,INFIERNILLO 5,-1,,3872660,,-1,,-1,,0,0,0,10000000000,0,100889,99733,141,60,3310.0,15,272,Nodo,90,Mineral,0,248,Operativo,248,Operativo,0,0,245,Otro,0,100,0,0,0,50,396,Punto Interm.,-1
1468388,PETROLERA SF,1184488,DLB,1259288,MINA,-1,,3550844,,-1,,-1,,0,0,0,10000000000,0,99619,98541,142,80,3609.0,1009,270,Taller,90,Mineral,0,248,Operativo,248,Operativo,0,1,243,Combustible,3,100,0,0,0,0,394,Desabilitado,-1
1470088,PLAT_REL_LUBRICENTRO,1184488,DLB,1259288,MINA,-1,,3584240,,-1,,-1,,0,0,0,10000000000,0,100253,100258,143,60,3518.0,69,271,Cambio Turno,90,Mineral,0,248,Operativo,248,Operativo,0,1,245,Otro,0,100,0,0,0,0,394,Desabilitado,-1
1471788,PLAT_REL_PRIM,1184488,DLB,1259288,MINA,-1,,3605492,,-1,,-1,,0,0,0,10000000000,0,100132,100175,144,60,3517.0,105,271,Cambio Turno,90,Mineral,0,248,Operativo,248,Operativo,0,1,245,Otro,0,100,0,0,0,0,394,Desabilitado,-1
1473488,PLAT_REL_SANFCO,1184488,DLB,1259288,MINA,-1,,3553880,,-1,,-1,,0,0,0,10000000000,0,99324,98366,145,60,3594.0,1,271,Cambio Turno,90,Mineral,1,248,Operativo,248,Operativo,0,1,245,Otro,0,100,0,0,0,0,394,Desabilitado,-1
1475188,PRIM,1184488,DLB,1259288,MINA,-1,,3556916,,47807420,D_PRIM,-1,,0,11934,8000,8000,0,100189,100199,146,67,3518.0,701,267,Chancador,112,Mineral Muy Baja Ley,0,248,Operativo,248,Operativo,0,1,245,Otro,2,100,1,0,0,0,394,Desabilitado,-1
1476888,PRIM DOS,1184488,DLB,1259288,MINA,-1,,3559952,,47801192,D_PRIM DOS,-1,,0,19584,10000,10000,0,100275,100025,147,61,3517.596,50,267,Chancador,112,Mineral Muy Baja Ley,0,248,Operativo,248,Operativo,0,1,245,Otro,2,100,1,0,0,0,394,Desabilitado,-1
1480288,ROMANA,1184488,DLB,1259288,MINA,-1,,-1,,-1,,-1,,0,0,0,10000000000,0,99175,98824,65535,60,3516.0,58,270,Taller,90,Mineral,0,247,Panne,247,Panne,0,1,242,Mantenimiento,0,100,0,0,0,0,394,Desabilitado,-1
1481988,ROTOND.CHOQ.SAN FRAC.,1184488,DLB,1259288,MINA,-1,,3572096,,-1,,-1,,0,0,0,10000000000,0,99318,98265,148,60,3605.0,65535,272,Nodo,90,Mineral,0,248,Operativo,248,Operativo,0,0,245,Otro,0,100,0,0,0,0,394,Desabilitado,-1
1483688,ROTOND.CHOQ.SAN FRAC.1,1184488,DLB,1259288,MINA,-1,,3575132,,-1,,-1,,0,0,0,10000000000,0,99377,98439,149,60,3587.0,65535,272,Nodo,90,Mineral,0,248,Operativo,248,Operativo,0,0,245,Otro,0,100,0,0,0,0,394,Desabilitado,-1
1485388,STK_3535_LIX-LIXIVIABLE,1184488,DLB,1259288,MINA,-1,,-1,,-1,,-1,,0,0,0,10000000000,0,98077,97368,65535,60,3500.0,65535,268,Stock,90,Mineral,0,247,Panne,247,Panne,0,0,245,Otro,0,100,0,0,0,0,394,Desabilitado,-1
1487088,STK_3600_000,1184488,DLB,1259288,MINA,-1,,3857480,,-1,,-1,,0,0,0,10000000000,0,98881,98135,150,60,3605.0,65535,268,Stock,90,Mineral,0,247,Panne,247,Panne,0,0,245,Otro,0,100,0,0,0,0,394,Desabilitado,-1
1488788,STK_3600_INCH,1184488,DLB,1259288,MINA,-1,,-1,,-1,,-1,,0,0,0,10000000000,0,101047,97757,65535,60,3000.0,65535,268,Stock,90,Mineral,0,247,Panne,247,Panne,0,0,245,Otro,0,100,0,0,0,0,394,Desabilitado,-1
1490488,STK_3600_PRIM,1184488,DLB,1259288,MINA,-1,,3845336,,48027156,D_STK_3600_PRIM,-1,,0,1836,0,10000000000,0,98909,97727,151,75,3600.0,65535,268,Stock,1010,Mineral Alto AS,0,248,Operativo,248,Operativo,0,1,245,Otro,0,100,0,0,0,0,394,Desabilitado,-1
1492188,STK_3600_SEC,1184488,DLB,1259288,MINA,-1,,3805868,,-1,,-1,,0,0,0,5000,0,98798,97996,152,89,3600.0,35,268,Stock,1129,Mineral Primario,0,247,Panne,247,Panne,0,1,245,Otro,0,100,0,0,0,0,394,Desabilitado,-1
1493888,STK_BOLONES_3600ML,1184488,DLB,1259288,MINA,-1,,3717824,,48062148,D_STK_BOLONES_3600M,-1,,0,306,0,10000000000,0,99114,97932,153,73,3640.0,30,268,Stock,96,Mineral Baja Ley,0,247,Panne,247,Panne,0,1,245,Otro,0,100,0,0,0,0,394,Desabilitado,-1
1495588,STK_CONTAMINADO_3600,1184488,DLB,1259288,MINA,-1,,3869624,,-1,,-1,,0,0,0,6000,0,98586,97687,154,66,3590.0,44,268,Stock,90,Mineral,0,247,Panne,247,Panne,0,1,245,Otro,0,100,0,0,0,0,394,Desabilitado,-1
1497288,STK_DON_DESCARTE,1184488,DLB,1259288,MINA,-1,,-1,,-1,,-1,,0,0,0,10000000000,0,99836,100577,65535,60,3550.0,65535,268,Stock,90,Mineral,0,247,Panne,247,Panne,0,0,245,Otro,0,100,0,0,0,0,394,Desabilitado,-1
1498988,STK_DON_ESTANDAR_MIN,1184488,DLB,1259288,MINA,-1,,3739076,,-1,,-1,,0,0,0,10000000000,0,99842,100667,155,67,3583.0,65535,268,Stock,90,Mineral,0,247,Panne,247,Panne,0,0,245,Otro,0,100,0,0,0,0,394,Desabilitado,-1
1500688,STK_DONOSO_AL,1184488,DLB,1259288,MINA,-1,,-1,,-1,,-1,,0,0,0,10000000000,0,99806,100594,65535,51,3546.0,65535,268,Stock,1129,Mineral Primario,0,247,Panne,247,Panne,0,0,245,Otro,0,100,0,0,0,0,394,Desabilitado,-1
1502388,STK_DONOSO_ML,1184488,DLB,1259288,MINA,-1,,3945524,,-1,,-1,,0,0,0,10000000000,0,99973,100664,156,145,3575.0,65535,268,Stock,1129,Mineral Primario,0,249,Reserva,249,Reserva,0,1,245,Otro,0,100,0,0,0,0,394,Desabilitado,-1
1504088,STK_DONOSO_PRIM,1184488,DLB,1259288,MINA,-1,,3602456,,-1,,-1,,0,0,0,7000,0,99868,100593,157,96,3555.0,65535,268,Stock,1129,Mineral Primario,0,247,Panne,247,Panne,0,1,245,Otro,0,100,0,0,0,0,394,Desabilitado,-1
1505788,STK_DONOSO_SEC,1184488,DLB,1259288,MINA,-1,,3887840,,-1,,-1,,0,0,0,10000000000,0,99893,100645,158,126,3550.0,65535,268,Stock,1129,Mineral Primario,0,248,Operativo,248,Operativo,0,1,245,Otro,0,100,0,0,0,0,394,Desabilitado,-1
1507488,STK_MIN_CONFLUENCIA,1184488,DLB,1259288,MINA,-1,,3824084,,-1,,-1,,0,0,0,150,0,96796,97589,159,70,3285.0,75,268,Stock,1129,Mineral Primario,0,247,Panne,247,Panne,0,1,245,Otro,0,100,0,0,0,0,394,Desabilitado,-1
1509188,STK_PARRILLAS,1184488,DLB,1259288,MINA,-1,,3866588,,47894216,D_STK_PARRILLAS,-1,,0,612,0,10000000000,0,98670,97655,160,118,3600.0,65535,268,Stock,91,Lixiviable,0,247,Panne,247,Panne,0,1,245,Otro,0,100,0,0,0,0,394,Desabilitado,-1
1510888,STK_PARRILLAS_MIN,1184488,DLB,1259288,MINA,-1,,-1,,-1,,-1,,0,0,0,10000000000,0,98561,98601,65535,72,3535.0,65535,268,Stock,90,Mineral,0,247,Panne,247,Panne,0,0,245,Otro,0,100,0,0,0,0,394,Desabilitado,-1
1512588,STK_PRUEBA_3325-406,1184488,DLB,1259288,MINA,-1,,-1,,-1,,-1,,0,0,0,10000000000,0,98440,97898,65535,90,3530.0,65535,268,Stock,90,Mineral,0,247,Panne,247,Panne,0,1,245,Otro,0,100,0,0,0,0,394,Desabilitado,-1
1514288,STK_RAMPA_PRISMA,1184488,DLB,1259288,MINA,-1,,-1,,-1,,-1,,0,0,0,10000000000,0,96927,96916,65535,60,3190.0,65535,268,Stock,90,Mineral,0,247,Panne,247,Panne,0,0,245,Otro,0,100,0,0,0,0,394,Desabilitado,-1
1515988,STK_RECHAZO_BOS,1184488,DLB,1259288,MINA,-1,,3729968,,-1,,-1,,0,0,0,10000000000,0,96772,97468,161,60,3289.0,65535,268,Stock,90,Mineral,0,247,Panne,247,Panne,0,1,245,Otro,0,100,0,0,0,0,394,Desabilitado,-1
1517688,STK_STAR3_NIEVE,1184488,DLB,1259288,MINA,-1,,-1,,-1,,-1,,0,0,0,10000000000,0,99738,100696,65535,60,3568.0,65535,268,Stock,90,Mineral,0,247,Panne,247,Panne,0,0,245,Otro,0,100,0,0,0,0,394,Desabilitado,-1
1519388,STK_YR2022_W20,1184488,DLB,1259288,MINA,-1,,-1,,-1,,-1,,0,0,0,10000000000,0,99127,97663,65535,85,3600.0,65535,268,Stock,1129,Mineral Primario,0,247,Panne,247,Panne,0,1,245,Otro,0,100,0,0,0,0,394,Desabilitado,-1
1521088,STK_ZIGZAG,1184488,DLB,1259288,MINA,-1,,-1,,-1,,-1,,0,0,0,10000000000,0,98956,99185,65535,60,3430.0,65535,268,Stock,90,Mineral,0,247,Panne,247,Panne,0,0,245,Otro,0,100,0,0,0,0,394,Desabilitado,-1
1522788,STK_ZIGZAG_3425,1184488,DLB,1259288,MINA,-1,,3969812,,-1,,-1,,0,0,0,10000000000,0,99278,99146,162,60,3398.0,65535,268,Stock,90,Mineral,0,247,Panne,247,Panne,0,0,245,Otro,0,100,0,0,0,0,394,Desabilitado,-1
1524488,STK-3600-3600,1184488,DLB,1259288,MINA,-1,,3830156,,-1,,-1,,0,0,0,10000000000,0,98914,98267,163,60,3600.0,65535,268,Stock,90,Mineral,0,247,Panne,247,Panne,0,0,245,Otro,0,100,0,0,0,0,394,Desabilitado,-1
1526188,STKPILE_PORTON_CONFL,1184488,DLB,1259288,MINA,-1,,3836228,,-1,,-1,,0,0,0,10000000000,0,96591,97654,164,95,3285.0,36,268,Stock,90,Mineral,0,247,Panne,247,Panne,0,1,245,Otro,0,100,0,0,0,0,394,Desabilitado,-1
1527888,TALLER,1184488,DLB,1259288,MINA,-1,,3587276,,-1,,-1,,0,0,0,10000000000,0,99953,99763,165,60,3490.0,996,270,Taller,90,Mineral,0,248,Operativo,248,Operativo,0,1,242,Mantenimiento,0,100,0,0,0,0,394,Desabilitado,-1
1529588,TALLER ICV,1184488,DLB,1259288,MINA,-1,,3590312,,-1,,-1,,0,0,0,10000000000,0,99820,98614,166,60,3609.0,87,270,Taller,90,Mineral,0,247,Panne,247,Panne,0,1,245,Otro,0,100,0,0,0,50,395,Punto Final,-1
1531288,VACIADO RESTRINGIDO,1184488,DLB,1186188,DONOSO 2,-1,,-1,,-1,,-1,,0,0,0,10000000000,0,100709,101921,65535,60,3000.0,33,266,Botadero,90,Mineral,0,247,Panne,247,Panne,0,1,245,Otro,0,100,0,0,0,0,394,Desabilitado,-1
6999116,D02-3685-998,1184488,DLB,1186188,DONOSO 2,-1,,-1,,-1,,-1,,0,0,0,10000000000,0,101002,100706,65535,60,3685.0,65535,269,Banco,90,Mineral,0,248,Operativo,248,Operativo,0,0,245,Otro,0,100,0,0,0,0,394,Desabilitado,-1
7650928,I7A-3205-310,1184488,DLB,1216788,INFIERNILLO 7A,-1,,-1,,-1,,-1,,0,0,0,10000000000,0,100649,99171,65535,60,3205.0,65535,269,Banco,90,Mineral,0,248,Operativo,248,Operativo,0,0,245,Otro,0,100,0,0,0,0,394,Desabilitado,-1
8997776,D02-3685-997,1184488,DLB,1186188,DONOSO 2,-1,,-1,,-1,,-1,,0,0,0,10000000000,0,101076,100654,65535,60,3685.0,65535,269,Banco,90,Mineral,0,248,Operativo,248,Operativo,0,0,245,Otro,0,100,0,0,0,0,394,Desabilitado,-1
9840872,BOT-STAR 3,1184488,DLB,1259288,MINA,-1,,3972848,,-1,,-1,,0,0,0,3000,0,99161,99457,167,61,3568.0,45,266,Botadero,92,Esteril,0,247,Panne,247,Panne,0,1,245,Otro,0,100,0,0,0,0,394,Desabilitado,-1
10996504,IS5-3295-315,1184488,DLB,1213388,INFIERNILLO 5,-1,,11386888,,-1,,-1,,0,0,0,10000000000,0,100859,100137,168,60,3295.0,65535,269,Banco,90,Mineral,0,248,Operativo,248,Operativo,0,0,245,Otro,0,100,0,0,0,0,394,Desabilitado,-1
12700964,BSF_3570_RAMPA_EST,1184488,DLB,1259288,MINA,-1,,-1,,-1,,-1,,0,0,0,10000000000,0,98296,98312,65535,74,3570.0,65535,266,Botadero,1134,Esteril Clase 2,0,247,Panne,247,Panne,0,1,245,Otro,0,100,0,0,0,0,394,Desabilitado,-1
13186564,I7A-3205-300,1184488,DLB,1216788,INFIERNILLO 7A,-1,,-1,,-1,,-1,,0,0,0,10000000000,0,100116,99194,65535,60,3205.0,65535,269,Banco,90,Mineral,0,248,Operativo,248,Operativo,0,0,245,Otro,0,100,0,0,0,0,394,Desabilitado,-1
14097880,IS5-3295-997,1184488,DLB,1213388,INFIERNILLO 5,-1,,-1,,-1,,-1,,0,0,0,10000000000,0,100984,100234,65535,60,3295.0,65535,269,Banco,90,Mineral,0,248,Operativo,248,Operativo,0,0,245,Otro,0,100,0,0,0,0,394,Desabilitado,-1
14383448,D02-3820-920,1184488,DLB,1186188,DONOSO 2,-1,,-1,,-1,,-1,,0,0,0,10000000000,0,101456,100897,65535,60,3820.0,65535,269,Banco,90,Mineral,0,248,Operativo,248,Operativo,0,1,245,Otro,0,100,0,0,0,0,394,Desabilitado,-1
15318932,STK_SOBRECARGA_MINERAL,1184488,DLB,1259288,MINA,-1,,-1,,47951712,D_STK_SOBRECARGA_MI,-1,,0,306,0,10000000000,0,100969,99931,65535,87,3000.0,65535,268,Stock,90,Mineral,0,247,Panne,247,Panne,0,0,245,Otro,0,100,0,0,0,0,394,Desabilitado,-1
17173344,NDO_STKDON_TR04,1184488,DLB,1259288,MINA,-1,,3702644,,-1,,-1,,0,0,0,10000000000,0,99625,100286,169,60,3555.0,65535,272,Nodo,90,Mineral,0,248,Operativo,248,Operativo,0,0,245,Otro,0,100,0,0,0,0,394,Desabilitado,-1
18175812,IS5-3295-420,1184488,DLB,1213388,INFIERNILLO 5,-1,,-1,,-1,,-1,,0,0,0,10000000000,0,100979,100255,65535,60,3295.0,65535,269,Banco,90,Mineral,0,248,Operativo,248,Operativo,0,0,245,Otro,0,100,0,0,0,0,394,Desabilitado,-1
18373640,D02-3805-045,1184488,DLB,1186188,DONOSO 2,-1,,35350256,,-1,,-1,,0,0,0,10000000000,0,101466,100779,170,60,3805.0,65535,269,Banco,90,Mineral,0,248,Operativo,248,Operativo,0,0,245,Otro,0,100,0,0,0,0,394,Desabilitado,-1
18638016,D02-3730-303,1184488,DLB,1186188,DONOSO 2,-1,,-1,,-1,,-1,,0,0,0,10000000000,0,101340,101017,65535,60,3730.0,65535,269,Banco,90,Mineral,0,248,Operativo,248,Operativo,0,0,245,Otro,0,100,0,0,0,0,394,Desabilitado,-1
19195708,D02-3685-334,1184488,DLB,1186188,DONOSO 2,-1,,-1,,-1,,-1,,0,0,0,10000000000,0,101261,100714,65535,60,3000.0,65535,269,Banco,90,Mineral,0,247,Panne,247,Panne,0,0,245,Otro,0,100,0,0,0,0,394,Desabilitado,-1
19549872,D02-3730-314,1184488,DLB,1186188,DONOSO 2,-1,,19552672,,-1,,-1,,0,0,0,10000000000,0,100747,101179,171,60,3730.0,65535,269,Banco,90,Mineral,0,248,Operativo,248,Operativo,0,0,245,Otro,0,100,0,0,0,0,394,Desabilitado,-1
23046392,I7A-3205-306,1184488,DLB,1216788,INFIERNILLO 7A,-1,,-1,,-1,,-1,,0,0,0,10000000000,0,100478,99468,65535,60,3205.0,65535,269,Banco,90,Mineral,0,248,Operativo,248,Operativo,0,0,245,Otro,0,100,0,0,0,0,394,Desabilitado,-1
23267108,D02-EXPIT-TRON-3805-045,1184488,DLB,1186188,DONOSO 2,-1,,-1,,-1,,-1,,0,0,0,10000000000,0,100851,100277,65535,60,3805.0,65535,269,Banco,90,Mineral,0,248,Operativo,248,Operativo,0,0,245,Otro,0,100,0,0,0,0,394,Desabilitado,-1
23637760,D02-3745-411,1184488,DLB,1186188,DONOSO 2,-1,,-1,,-1,,-1,,0,0,0,10000000000,0,100474,101380,65535,60,3745.0,65535,269,Banco,90,Mineral,0,248,Operativo,248,Operativo,0,0,245,Otro,0,100,0,0,0,0,394,Desabilitado,-1
23643440,RAMP D02 3717 3715,1184488,DLB,1186188,DONOSO 2,-1,,-1,,-1,,-1,,0,0,0,10000000000,0,101595,100967,65535,122,3000.0,65535,266,Botadero,90,Mineral,0,247,Panne,247,Panne,0,0,245,Otro,0,100,0,0,0,0,394,Desabilitado,-1
23889372,IS5-3295-316,1184488,DLB,1213388,INFIERNILLO 5,-1,,43111548,,-1,,-1,,0,0,0,10000000000,0,100879,99936,172,60,3295.0,65535,269,Banco,90,Mineral,0,248,Operativo,248,Operativo,0,0,245,Otro,0,100,0,0,0,0,394,Desabilitado,-1
24044736,D02-3730-312,1184488,DLB,1186188,DONOSO 2,-1,,-1,,-1,,-1,,0,0,0,10000000000,0,100660,101193,65535,60,3730.0,65535,269,Banco,90,Mineral,0,248,Operativo,248,Operativo,0,0,245,Otro,0,100,0,0,0,0,394,Desabilitado,-1
27433424,IS5-3310-329,1184488,DLB,1213388,INFIERNILLO 5,-1,,-1,,-1,,-1,,0,0,0,10000000000,0,101139,99973,65535,60,3310.0,65535,269,Banco,90,Mineral,0,247,Panne,247,Panne,0,0,245,Otro,0,100,0,0,0,0,394,Desabilitado,-1
27460016,D02-3730-991,1184488,DLB,1186188,DONOSO 2,-1,,-1,,-1,,-1,,0,0,0,10000000000,0,100697,101136,65535,60,3730.0,65535,269,Banco,90,Mineral,0,247,Panne,247,Panne,0,0,245,Otro,0,100,0,0,0,0,394,Desabilitado,-1
27864912,BSF_3570_EST_SUR,1184488,DLB,1259288,MINA,-1,,27867700,,47824724,D_BSF_3570_EST_SUR,-1,,0,20808,0,10000000000,0,98591,98170,173,73,3558.0,14,266,Botadero,110,Esteril Clase 1,0,248,Operativo,248,Operativo,0,1,245,Otro,0,100,0,0,0,0,394,Desabilitado,-1
29065160,IS5-3310-332,1184488,DLB,1213388,INFIERNILLO 5,-1,,-1,,-1,,-1,,0,0,0,10000000000,0,101029,99859,65535,60,3310.0,65535,269,Banco,90,Mineral,0,248,Operativo,248,Operativo,0,0,245,Otro,0,100,0,0,0,0,394,Desabilitado,-1
29194516,D02-3805-999,1184488,DLB,1186188,DONOSO 2,-1,,-1,,-1,,-1,,0,0,0,10000000000,0,101601,100989,65535,60,3805.0,65535,269,Banco,90,Mineral,0,247,Panne,247,Panne,0,0,245,Otro,0,100,0,0,0,0,394,Desabilitado,-1
30252368,ENSANCHE AGUAS AZULES,1184488,DLB,1259288,MINA,-1,,30258604,,-1,,-1,,0,0,0,10000000000,0,100241,100746,174,100,3610.0,65535,266,Botadero,1134,Esteril Clase 2,0,247,Panne,247,Panne,0,1,245,Otro,0,100,0,0,0,0,394,Desabilitado,-1
31061740,D02-3745-422,1184488,DLB,1186188,DONOSO 2,-1,,-1,,-1,,-1,,0,0,0,10000000000,0,100469,101351,65535,60,3745.0,65535,269,Banco,90,Mineral,0,247,Panne,247,Panne,0,0,245,Otro,0,100,0,0,0,0,394,Desabilitado,-1
31175808,IS5-3295-421,1184488,DLB,1213388,INFIERNILLO 5,-1,,-1,,-1,,-1,,0,0,0,10000000000,0,100628,100061,65535,60,3295.0,65535,269,Banco,90,Mineral,0,248,Operativo,248,Operativo,0,0,245,Otro,0,100,0,0,0,0,394,Desabilitado,-1
31400168,D02-3745-420,1184488,DLB,1186188,DONOSO 2,-1,,-1,,-1,,-1,,0,0,0,10000000000,0,100463,101330,65535,60,3745.0,65535,269,Banco,90,Mineral,0,247,Panne,247,Panne,0,0,245,Otro,0,100,0,0,0,0,394,Desabilitado,-1
31504484,NDO_3570_02,1184488,DLB,1259288,MINA,-1,,3675320,,-1,,-1,,0,0,0,10000000000,0,98440,98166,175,60,3550.0,65535,272,Nodo,90,Mineral,0,248,Operativo,248,Operativo,0,0,245,Otro,0,100,0,0,0,0,394,Desabilitado,-1
32252708,D02-3805-036,1184488,DLB,1186188,DONOSO 2,-1,,-1,,-1,,-1,,0,0,0,10000000000,0,101262,100728,65535,60,3805.0,65535,269,Banco,90,Mineral,0,247,Panne,247,Panne,0,0,245,Otro,0,100,0,0,0,0,394,Desabilitado,-1
32666492,I7A-3205-302,1184488,DLB,1216788,INFIERNILLO 7A,-1,,-1,,-1,,-1,,0,0,0,10000000000,0,100647,99188,65535,60,3205.0,65535,269,Banco,90,Mineral,0,248,Operativo,248,Operativo,0,0,245,Otro,0,100,0,0,0,0,394,Desabilitado,-1
33579304,I7A-3205-303,1184488,DLB,1216788,INFIERNILLO 7A,-1,,47269800,,-1,,-1,,0,0,0,10000000000,0,100309,99292,176,60,3205.0,65535,269,Banco,90,Mineral,0,248,Operativo,248,Operativo,0,0,245,Otro,0,100,0,0,0,0,394,Desabilitado,-1
34073668,D02-3730-310,1184488,DLB,1186188,DONOSO 2,-1,,34981432,,-1,,-1,,0,0,0,10000000000,0,100484,101144,177,60,3730.0,65535,269,Banco,90,Mineral,0,248,Operativo,248,Operativo,0,0,245,Otro,0,100,0,0,0,0,394,Desabilitado,-1
36652724,IS5-3295-306,1184488,DLB,1213388,INFIERNILLO 5,-1,,36842140,,-1,,-1,,0,0,0,10000000000,0,100788,99741,178,60,3295.0,65535,269,Banco,90,Mineral,0,248,Operativo,248,Operativo,0,0,245,Otro,0,100,0,0,0,0,394,Desabilitado,-1
39366172,D02-3730-603,1184488,DLB,1186188,DONOSO 2,-1,,-1,,-1,,-1,,0,0,0,10000000000,0,102941,99460,65535,60,3000.0,65535,269,Banco,90,Mineral,0,248,Operativo,248,Operativo,0,0,245,Otro,0,100,0,0,0,0,394,Desabilitado,-1
41740312,IS5-3310-331,1184488,DLB,1213388,INFIERNILLO 5,-1,,-1,,-1,,-1,,0,0,0,10000000000,0,100816,99533,65535,60,3310.0,65535,269,Banco,90,Mineral,0,248,Operativo,248,Operativo,0,0,245,Otro,0,100,0,0,0,0,394,Desabilitado,-1
41864752,I7A-3190-703,1184488,DLB,1216788,INFIERNILLO 7A,-1,,3854444,,-1,,-1,,0,0,0,10000000000,0,100453,99351,179,60,3190.0,65535,269,Banco,90,Mineral,0,248,Operativo,248,Operativo,0,0,245,Otro,0,100,0,0,0,0,394,Desabilitado,-1
43729096,I7A-3220-708,1184488,DLB,1216788,INFIERNILLO 7A,-1,,-1,,-1,,-1,,0,0,0,10000000000,0,100390,99380,65535,60,3220.0,65535,269,Banco,90,Mineral,0,248,Operativo,248,Operativo,0,0,245,Otro,0,100,0,0,0,0,394,Desabilitado,-1
44302868,NDO_INF7_TR10,1184488,DLB,1216788,INFIERNILLO 7A,-1,,38909284,,-1,,-1,,0,0,0,10000000000,0,100338,99158,180,60,3215.0,65535,272,Nodo,90,Mineral,0,248,Operativo,248,Operativo,0,0,245,Otro,0,100,0,0,0,0,394,Desabilitado,-1
44573272,NDO_INF7_TR14,1184488,DLB,1216788,INFIERNILLO 7A,-1,,-1,,-1,,-1,,0,0,0,10000000000,0,100392,99373,65535,60,3218.0,65535,272,Nodo,90,Mineral,0,248,Operativo,248,Operativo,0,0,245,Otro,0,100,0,0,0,0,394,Desabilitado,-1
44661424,I7A-3220-703,1184488,DLB,1216788,INFIERNILLO 7A,-1,,44579904,,-1,,-1,,0,0,0,10000000000,0,100356,99364,181,60,3215.0,65535,269,Banco,90,Mineral,0,248,Operativo,248,Operativo,0,0,245,Otro,0,100,0,0,0,0,394,Desabilitado,-1
44784376,IS5-3295-995,1184488,DLB,1213388,INFIERNILLO 5,-1,,44576864,,-1,,-1,,0,0,0,10000000000,0,100658,99831,182,60,3295.0,65535,269,Banco,90,Mineral,0,248,Operativo,248,Operativo,0,0,245,Otro,0,100,0,0,0,0,394,Desabilitado,-1
44803868,I7A-3220-700,1184488,DLB,1216788,INFIERNILLO 7A,-1,,-1,,-1,,-1,,0,0,0,10000000000,0,100325,99337,65535,60,3220.0,65535,269,Banco,90,Mineral,0,247,Panne,247,Panne,0,0,245,Otro,0,100,0,0,0,0,394,Desabilitado,-1
45628300,I7A-3190-706,1184488,DLB,1216788,INFIERNILLO 7A,-1,,-1,,-1,,-1,,0,0,0,10000000000,0,99659,99445,65535,60,3000.0,65535,269,Banco,90,Mineral,0,248,Operativo,248,Operativo,0,0,245,Otro,0,100,0,0,0,0,394,Desabilitado,-1
46026308,NDO_3570_10,1184488,DLB,1259288,MINA,-1,,46033184,,-1,,-1,,0,0,0,10000000000,0,98365,98314,183,60,3570.0,65535,272,Nodo,90,Mineral,0,248,Operativo,248,Operativo,0,0,245,Otro,0,100,0,0,0,0,394,Desabilitado,-1
47131180,D02-3730-317,1184488,DLB,1186188,DONOSO 2,-1,,-1,,-1,,-1,,0,0,0,10000000000,0,94600,94000,65535,60,3000.0,65535,269,Banco,90,Mineral,0,248,Operativo,248,Operativo,0,0,245,Otro,0,100,0,0,0,0,394,Desabilitado,-1
47419156,BOT-3535-3530,1184488,DLB,1259288,MINA,-1,,-1,,-1,,-1,,0,0,0,10000000000,0,94600,94000,65535,60,3000.0,65535,266,Botadero,90,Mineral,0,248,Operativo,248,Operativo,0,0,245,Otro,0,100,0,0,0,0,394,Desabilitado,-1
47677420,IS5-3295-994,1184488,DLB,1213388,INFIERNILLO 5,-1,,-1,,-1,,-1,,0,0,0,10000000000,0,94977,94097,65535,60,3000.0,65535,269,Banco,90,Mineral,0,248,Operativo,248,Operativo,0,0,245,Otro,0,100,0,0,0,0,394,Desabilitado,-1
